COUNTRY,Country,SERIES,Series,TIME,Time,Unit Code,Unit,PowerCode Code,PowerCode,Value
AUS,Australia,MEAN,Mean,2000,2000,PC,Percentage,0,Units,49.9
AUS,Australia,MEAN,Mean,2001,2001,PC,Percentage,0,Units,49.5
AUS,Australia,MEAN,Mean,2002,2002,PC,Percentage,0,Units,50
AUS,Australia,MEAN,Mean,2003,2003,PC,Percentage,0,Units,49.8
AUS,Australia,MEAN,Mean,2004,2004,PC,Percentage,0,Units,50.2
AUS,Australia,MEAN,Mean,2005,2005,PC,Percentage,0,Units,49.4
AUS,Australia,MEAN,Mean,2006,2006,PC,Percentage,0,Units,46.3
AUS,Australia,MEAN,Mean,2007,2007,PC,Percentage,0,Units,45.4
AUS,Australia,MEAN,Mean,2008,2008,PC,Percentage,0,Units,45
AUS,Australia,MEAN,Mean,2009,2009,PC,Percentage,0,Units,44.6
AUS,Australia,MEAN,Mean,2010,2010,PC,Percentage,0,Units,45.1
AUS,Australia,MEAN,Mean,2011,2011,PC,Percentage,0,Units,45.1
AUS,Australia,MEAN,Mean,2012,2012,PC,Percentage,0,Units,44
AUS,Australia,MEAN,Mean,2013,2013,PC,Percentage,0,Units,43.7
AUS,Australia,MEAN,Mean,2014,2014,PC,Percentage,0,Units,43.6
AUS,Australia,MEAN,Mean,2015,2015,PC,Percentage,0,Units,44.2
AUS,Australia,MEAN,Mean,2016,2016,PC,Percentage,0,Units,44.6
AUS,Australia,MEAN,Mean,2017,2017,PC,Percentage,0,Units,44.7
AUS,Australia,MEAN,Mean,2018,2018,PC,Percentage,0,Units,44.7
AUS,Australia,MEAN,Mean,2019,2019,PC,Percentage,0,Units,44.5
AUS,Australia,MEAN,Mean,2020,2020,PC,Percentage,0,Units,44.8
AUS,Australia,MEAN,Mean,2021,2021,PC,Percentage,0,Units,43.5
BEL,Belgium,MEAN,Mean,2000,2000,PC,Percentage,0,Units,42.8
BEL,Belgium,MEAN,Mean,2001,2001,PC,Percentage,0,Units,42.1
BEL,Belgium,MEAN,Mean,2002,2002,PC,Percentage,0,Units,42.5
BEL,Belgium,MEAN,Mean,2003,2003,PC,Percentage,0,Units,42.1
BEL,Belgium,MEAN,Mean,2004,2004,PC,Percentage,0,Units,41.1
BEL,Belgium,MEAN,Mean,2005,2005,PC,Percentage,0,Units,41.1
BEL,Belgium,MEAN,Mean,2006,2006,PC,Percentage,0,Units,40.4
BEL,Belgium,MEAN,Mean,2007,2007,PC,Percentage,0,Units,40.5
BEL,Belgium,MEAN,Mean,2008,2008,PC,Percentage,0,Units,40.9
BEL,Belgium,MEAN,Mean,2009,2009,PC,Percentage,0,Units,41.4
BEL,Belgium,MEAN,Mean,2010,2010,PC,Percentage,0,Units,40.5
BEL,Belgium,MEAN,Mean,2011,2011,PC,Percentage,0,Units,40.6
BEL,Belgium,MEAN,Mean,2012,2012,PC,Percentage,0,Units,40.6
BEL,Belgium,MEAN,Mean,2013,2013,PC,Percentage,0,Units,41.2
BEL,Belgium,MEAN,Mean,2014,2014,PC,Percentage,0,Units,39.8
BEL,Belgium,MEAN,Mean,2015,2015,PC,Percentage,0,Units,39.5
BEL,Belgium,MEAN,Mean,2016,2016,PC,Percentage,0,Units,39.4
BEL,Belgium,MEAN,Mean,2017,2017,PC,Percentage,0,Units,39.4
BEL,Belgium,MEAN,Mean,2018,2018,PC,Percentage,0,Units,39.1
BEL,Belgium,MEAN,Mean,2019,2019,PC,Percentage,0,Units,38.9
BEL,Belgium,MEAN,Mean,2020,2020,PC,Percentage,0,Units,40.3
BEL,Belgium,MEAN,Mean,2021,2021,PC,Percentage,0,Units,40.9
CAN,Canada,MEAN,Mean,2000,2000,PC,Percentage,0,Units,37.6
CAN,Canada,MEAN,Mean,2001,2001,PC,Percentage,0,Units,36.9
CAN,Canada,MEAN,Mean,2002,2002,PC,Percentage,0,Units,36.3
CAN,Canada,MEAN,Mean,2003,2003,PC,Percentage,0,Units,36
CAN,Canada,MEAN,Mean,2004,2004,PC,Percentage,0,Units,35.8
CAN,Canada,MEAN,Mean,2005,2005,PC,Percentage,0,Units,35.9
CAN,Canada,MEAN,Mean,2006,2006,PC,Percentage,0,Units,36.2
CAN,Canada,MEAN,Mean,2007,2007,PC,Percentage,0,Units,36
CAN,Canada,MEAN,Mean,2008,2008,PC,Percentage,0,Units,36.8
CAN,Canada,MEAN,Mean,2009,2009,PC,Percentage,0,Units,37.7
CAN,Canada,MEAN,Mean,2010,2010,PC,Percentage,0,Units,39
CAN,Canada,MEAN,Mean,2011,2011,PC,Percentage,0,Units,39.5
CAN,Canada,MEAN,Mean,2012,2012,PC,Percentage,0,Units,39.7
CAN,Canada,MEAN,Mean,2013,2013,PC,Percentage,0,Units,39.4
CAN,Canada,MEAN,Mean,2014,2014,PC,Percentage,0,Units,39.7
CAN,Canada,MEAN,Mean,2015,2015,PC,Percentage,0,Units,39.7
CAN,Canada,MEAN,Mean,2016,2016,PC,Percentage,0,Units,40
CAN,Canada,MEAN,Mean,2017,2017,PC,Percentage,0,Units,40.7
CAN,Canada,MEAN,Mean,2018,2018,PC,Percentage,0,Units,44.9
CAN,Canada,MEAN,Mean,2019,2019,PC,Percentage,0,Units,45
CAN,Canada,MEAN,Mean,2020,2020,PC,Percentage,0,Units,43.7
CAN,Canada,MEAN,Mean,2021,2021,PC,Percentage,0,Units,43.8
CZE,Czech Republic,MEAN,Mean,2000,2000,PC,Percentage,0,Units,27.9
CZE,Czech Republic,MEAN,Mean,2001,2001,PC,Percentage,0,Units,30.5
CZE,Czech Republic,MEAN,Mean,2002,2002,PC,Percentage,0,Units,33.7
CZE,Czech Republic,MEAN,Mean,2003,2003,PC,Percentage,0,Units,34.1
CZE,Czech Republic,MEAN,Mean,2004,2004,PC,Percentage,0,Units,35
CZE,Czech Republic,MEAN,Mean,2005,2005,PC,Percentage,0,Units,35.6
CZE,Czech Republic,MEAN,Mean,2006,2006,PC,Percentage,0,Units,36.4
CZE,Czech Republic,MEAN,Mean,2007,2007,PC,Percentage,0,Units,34.9
CZE,Czech Republic,MEAN,Mean,2008,2008,PC,Percentage,0,Units,32.6
CZE,Czech Republic,MEAN,Mean,2009,2009,PC,Percentage,0,Units,32.2
CZE,Czech Republic,MEAN,Mean,2010,2010,PC,Percentage,0,Units,31.9
CZE,Czech Republic,MEAN,Mean,2011,2011,PC,Percentage,0,Units,31.3
CZE,Czech Republic,MEAN,Mean,2012,2012,PC,Percentage,0,Units,30.7
CZE,Czech Republic,MEAN,Mean,2013,2013,PC,Percentage,0,Units,31.3
CZE,Czech Republic,MEAN,Mean,2014,2014,PC,Percentage,0,Units,31.7
CZE,Czech Republic,MEAN,Mean,2015,2015,PC,Percentage,0,Units,33
CZE,Czech Republic,MEAN,Mean,2016,2016,PC,Percentage,0,Units,34
CZE,Czech Republic,MEAN,Mean,2017,2017,PC,Percentage,0,Units,35.3
CZE,Czech Republic,MEAN,Mean,2018,2018,PC,Percentage,0,Units,36.2
CZE,Czech Republic,MEAN,Mean,2019,2019,PC,Percentage,0,Units,37.1
CZE,Czech Republic,MEAN,Mean,2020,2020,PC,Percentage,0,Units,37.7
CZE,Czech Republic,MEAN,Mean,2021,2021,PC,Percentage,0,Units,37.2
FRA,France,MEAN,Mean,2000,2000,PC,Percentage,0,Units,50.1
FRA,France,MEAN,Mean,2001,2001,PC,Percentage,0,Units,50.8
FRA,France,MEAN,Mean,2002,2002,PC,Percentage,0,Units,51
FRA,France,MEAN,Mean,2003,2003,PC,Percentage,0,Units,51.6
FRA,France,MEAN,Mean,2004,2004,PC,Percentage,0,Units,53
FRA,France,MEAN,Mean,2005,2005,PC,Percentage,0,Units,54.1
FRA,France,MEAN,Mean,2006,2006,PC,Percentage,0,Units,51
FRA,France,MEAN,Mean,2007,2007,PC,Percentage,0,Units,50.7
FRA,France,MEAN,Mean,2008,2008,PC,Percentage,0,Units,50.6
FRA,France,MEAN,Mean,2009,2009,PC,Percentage,0,Units,50.8
FRA,France,MEAN,Mean,2010,2010,PC,Percentage,0,Units,50.2
FRA,France,MEAN,Mean,2011,2011,PC,Percentage,0,Units,50
FRA,France,MEAN,Mean,2012,2012,PC,Percentage,0,Units,50.8
FRA,France,MEAN,Mean,2013,2013,PC,Percentage,0,Units,50.6
FRA,France,MEAN,Mean,2014,2014,PC,Percentage,0,Units,50.5
FRA,France,MEAN,Mean,2015,2015,PC,Percentage,0,Units,50.3
FRA,France,MEAN,Mean,2016,2016,PC,Percentage,0,Units,50
FRA,France,MEAN,Mean,2017,2017,PC,Percentage,0,Units,49.8
FRA,France,MEAN,Mean,2018,2018,PC,Percentage,0,Units,49.7
FRA,France,MEAN,Mean,2019,2019,PC,Percentage,0,Units,49.6
FRA,France,MEAN,Mean,2020,2020,PC,Percentage,0,Units,49.3
FRA,France,MEAN,Mean,2021,2021,PC,Percentage,0,Units,49.2
GRC,Greece,MEAN,Mean,2000,2000,PC,Percentage,0,Units,37.6
GRC,Greece,MEAN,Mean,2001,2001,PC,Percentage,0,Units,36.4
GRC,Greece,MEAN,Mean,2002,2002,PC,Percentage,0,Units,36.4
GRC,Greece,MEAN,Mean,2003,2003,PC,Percentage,0,Units,32.6
GRC,Greece,MEAN,Mean,2004,2004,PC,Percentage,0,Units,32.6
GRC,Greece,MEAN,Mean,2005,2005,PC,Percentage,0,Units,34
GRC,Greece,MEAN,Mean,2006,2006,PC,Percentage,0,Units,31.9
GRC,Greece,MEAN,Mean,2007,2007,PC,Percentage,0,Units,32.5
GRC,Greece,MEAN,Mean,2008,2008,PC,Percentage,0,Units,33.7
GRC,Greece,MEAN,Mean,2009,2009,PC,Percentage,0,Units,33.8
GRC,Greece,MEAN,Mean,2010,2010,PC,Percentage,0,Units,39.6
GRC,Greece,MEAN,Mean,2011,2011,PC,Percentage,0,Units,41.3
GRC,Greece,MEAN,Mean,2012,2012,PC,Percentage,0,Units,35
GRC,Greece,MEAN,Mean,2013,2013,PC,Percentage,0,Units,36.9
GRC,Greece,MEAN,Mean,2014,2014,PC,Percentage,0,Units,35.7
GRC,Greece,MEAN,Mean,2015,2015,PC,Percentage,0,Units,35.9
GRC,Greece,MEAN,Mean,2016,2016,PC,Percentage,0,Units,37.3
GRC,Greece,MEAN,Mean,2017,2017,PC,Percentage,0,Units,36.7
GRC,Greece,MEAN,Mean,2018,2018,PC,Percentage,0,Units,36.3
GRC,Greece,MEAN,Mean,2019,2019,PC,Percentage,0,Units,39.7
GRC,Greece,MEAN,Mean,2020,2020,PC,Percentage,0,Units,40.3
GRC,Greece,MEAN,Mean,2021,2021,PC,Percentage,0,Units,39.8
HUN,Hungary,MEAN,Mean,2000,2000,PC,Percentage,0,Units,27.8
HUN,Hungary,MEAN,Mean,2001,2001,PC,Percentage,0,Units,38.2
HUN,Hungary,MEAN,Mean,2002,2002,PC,Percentage,0,Units,42.7
HUN,Hungary,MEAN,Mean,2003,2003,PC,Percentage,0,Units,35.9
HUN,Hungary,MEAN,Mean,2004,2004,PC,Percentage,0,Units,35.5
HUN,Hungary,MEAN,Mean,2005,2005,PC,Percentage,0,Units,35.1
HUN,Hungary,MEAN,Mean,2006,2006,PC,Percentage,0,Units,35.6
HUN,Hungary,MEAN,Mean,2007,2007,PC,Percentage,0,Units,34.3
HUN,Hungary,MEAN,Mean,2008,2008,PC,Percentage,0,Units,34.1
HUN,Hungary,MEAN,Mean,2009,2009,PC,Percentage,0,Units,34.2
HUN,Hungary,MEAN,Mean,2010,2010,PC,Percentage,0,Units,34.7
HUN,Hungary,MEAN,Mean,2011,2011,PC,Percentage,0,Units,36.2
HUN,Hungary,MEAN,Mean,2012,2012,PC,Percentage,0,Units,39.6
HUN,Hungary,MEAN,Mean,2013,2013,PC,Percentage,0,Units,40.1
HUN,Hungary,MEAN,Mean,2014,2014,PC,Percentage,0,Units,40.2
HUN,Hungary,MEAN,Mean,2015,2015,PC,Percentage,0,Units,39.6
HUN,Hungary,MEAN,Mean,2016,2016,PC,Percentage,0,Units,39
HUN,Hungary,MEAN,Mean,2017,2017,PC,Percentage,0,Units,40.1
HUN,Hungary,MEAN,Mean,2018,2018,PC,Percentage,0,Units,40.1
HUN,Hungary,MEAN,Mean,2019,2019,PC,Percentage,0,Units,37.8
HUN,Hungary,MEAN,Mean,2020,2020,PC,Percentage,0,Units,37.2
HUN,Hungary,MEAN,Mean,2021,2021,PC,Percentage,0,Units,35.3
IRL,Ireland,MEAN,Mean,2000,2000,PC,Percentage,0,Units,40.5
IRL,Ireland,MEAN,Mean,2001,2001,PC,Percentage,0,Units,30.5
IRL,Ireland,MEAN,Mean,2002,2002,PC,Percentage,0,Units,29.9
IRL,Ireland,MEAN,Mean,2003,2003,PC,Percentage,0,Units,29.9
IRL,Ireland,MEAN,Mean,2004,2004,PC,Percentage,0,Units,30.8
IRL,Ireland,MEAN,Mean,2005,2005,PC,Percentage,0,Units,32
IRL,Ireland,MEAN,Mean,2006,2006,PC,Percentage,0,Units,34.8
IRL,Ireland,MEAN,Mean,2007,2007,PC,Percentage,0,Units,35.2
IRL,Ireland,MEAN,Mean,2008,2008,PC,Percentage,0,Units,35
IRL,Ireland,MEAN,Mean,2009,2009,PC,Percentage,0,Units,30.6
IRL,Ireland,MEAN,Mean,2010,2010,PC,Percentage,0,Units,37
IRL,Ireland,MEAN,Mean,2011,2011,PC,Percentage,0,Units,36.6
IRL,Ireland,MEAN,Mean,2012,2012,PC,Percentage,0,Units,37.5
IRL,Ireland,MEAN,Mean,2013,2013,PC,Percentage,0,Units,36.4
IRL,Ireland,MEAN,Mean,2014,2014,PC,Percentage,0,Units,33.8
IRL,Ireland,MEAN,Mean,2015,2015,PC,Percentage,0,Units,33.4
IRL,Ireland,MEAN,Mean,2016,2016,PC,Percentage,0,Units,35
IRL,Ireland,MEAN,Mean,2017,2017,PC,Percentage,0,Units,35.3
IRL,Ireland,MEAN,Mean,2018,2018,PC,Percentage,0,Units,38.9
IRL,Ireland,MEAN,Mean,2019,2019,PC,Percentage,0,Units,38.3
IRL,Ireland,MEAN,Mean,2020,2020,PC,Percentage,0,Units,37.1
IRL,Ireland,MEAN,Mean,2021,2021,PC,Percentage,0,Units,35.8
JPN,Japan,MEAN,Mean,2000,2000,PC,Percentage,0,Units,28.3
JPN,Japan,MEAN,Mean,2001,2001,PC,Percentage,0,Units,28.3
JPN,Japan,MEAN,Mean,2002,2002,PC,Percentage,0,Units,28.6
JPN,Japan,MEAN,Mean,2003,2003,PC,Percentage,0,Units,29.1
JPN,Japan,MEAN,Mean,2004,2004,PC,Percentage,0,Units,29.5
JPN,Japan,MEAN,Mean,2005,2005,PC,Percentage,0,Units,29.3
JPN,Japan,MEAN,Mean,2006,2006,PC,Percentage,0,Units,29.6
JPN,Japan,MEAN,Mean,2007,2007,PC,Percentage,0,Units,29.7
JPN,Japan,MEAN,Mean,2008,2008,PC,Percentage,0,Units,30.3
JPN,Japan,MEAN,Mean,2009,2009,PC,Percentage,0,Units,31.5
JPN,Japan,MEAN,Mean,2010,2010,PC,Percentage,0,Units,32.6
JPN,Japan,MEAN,Mean,2011,2011,PC,Percentage,0,Units,33.3
JPN,Japan,MEAN,Mean,2012,2012,PC,Percentage,0,Units,33.3
JPN,Japan,MEAN,Mean,2013,2013,PC,Percentage,0,Units,33.9
JPN,Japan,MEAN,Mean,2014,2014,PC,Percentage,0,Units,34.1
JPN,Japan,MEAN,Mean,2015,2015,PC,Percentage,0,Units,34.3
JPN,Japan,MEAN,Mean,2016,2016,PC,Percentage,0,Units,35.1
JPN,Japan,MEAN,Mean,2017,2017,PC,Percentage,0,Units,36.2
JPN,Japan,MEAN,Mean,2018,2018,PC,Percentage,0,Units,37
JPN,Japan,MEAN,Mean,2019,2019,PC,Percentage,0,Units,37.9
JPN,Japan,MEAN,Mean,2020,2020,PC,Percentage,0,Units,39.2
JPN,Japan,MEAN,Mean,2021,2021,PC,Percentage,0,Units,39.2
KOR,Korea,MEAN,Mean,2000,2000,PC,Percentage,0,Units,23.8
KOR,Korea,MEAN,Mean,2001,2001,PC,Percentage,0,Units,26
KOR,Korea,MEAN,Mean,2002,2002,PC,Percentage,0,Units,27.3
KOR,Korea,MEAN,Mean,2003,2003,PC,Percentage,0,Units,27.3
KOR,Korea,MEAN,Mean,2004,2004,PC,Percentage,0,Units,28.2
KOR,Korea,MEAN,Mean,2005,2005,PC,Percentage,0,Units,29.7
KOR,Korea,MEAN,Mean,2006,2006,PC,Percentage,0,Units,30.6
KOR,Korea,MEAN,Mean,2007,2007,PC,Percentage,0,Units,33.3
KOR,Korea,MEAN,Mean,2008,2008,PC,Percentage,0,Units,34.1
KOR,Korea,MEAN,Mean,2009,2009,PC,Percentage,0,Units,35.9
KOR,Korea,MEAN,Mean,2010,2010,PC,Percentage,0,Units,35.8
KOR,Korea,MEAN,Mean,2011,2011,PC,Percentage,0,Units,35.8
KOR,Korea,MEAN,Mean,2012,2012,PC,Percentage,0,Units,34.1
KOR,Korea,MEAN,Mean,2013,2013,PC,Percentage,0,Units,35
KOR,Korea,MEAN,Mean,2014,2014,PC,Percentage,0,Units,35.7
KOR,Korea,MEAN,Mean,2015,2015,PC,Percentage,0,Units,37.8
KOR,Korea,MEAN,Mean,2016,2016,PC,Percentage,0,Units,39.7
KOR,Korea,MEAN,Mean,2017,2017,PC,Percentage,0,Units,41.4
KOR,Korea,MEAN,Mean,2018,2018,PC,Percentage,0,Units,46
KOR,Korea,MEAN,Mean,2019,2019,PC,Percentage,0,Units,49.4
KOR,Korea,MEAN,Mean,2020,2020,PC,Percentage,0,Units,49.5
KOR,Korea,MEAN,Mean,2021,2021,PC,Percentage,0,Units,48.8
LUX,Luxembourg,MEAN,Mean,2000,2000,PC,Percentage,0,Units,44.7
LUX,Luxembourg,MEAN,Mean,2001,2001,PC,Percentage,0,Units,45.7
LUX,Luxembourg,MEAN,Mean,2002,2002,PC,Percentage,0,Units,44.9
LUX,Luxembourg,MEAN,Mean,2003,2003,PC,Percentage,0,Units,45.7
LUX,Luxembourg,MEAN,Mean,2004,2004,PC,Percentage,0,Units,45
LUX,Luxembourg,MEAN,Mean,2005,2005,PC,Percentage,0,Units,45.3
LUX,Luxembourg,MEAN,Mean,2006,2006,PC,Percentage,0,Units,44.9
LUX,Luxembourg,MEAN,Mean,2007,2007,PC,Percentage,0,Units,45.2
LUX,Luxembourg,MEAN,Mean,2008,2008,PC,Percentage,0,Units,44.5
LUX,Luxembourg,MEAN,Mean,2009,2009,PC,Percentage,0,Units,45.3
LUX,Luxembourg,MEAN,Mean,2010,2010,PC,Percentage,0,Units,45.6
LUX,Luxembourg,MEAN,Mean,2011,2011,PC,Percentage,0,Units,46
LUX,Luxembourg,MEAN,Mean,2012,2012,PC,Percentage,0,Units,45.7
LUX,Luxembourg,MEAN,Mean,2013,2013,PC,Percentage,0,Units,45.1
LUX,Luxembourg,MEAN,Mean,2014,2014,PC,Percentage,0,Units,44.6
LUX,Luxembourg,MEAN,Mean,2015,2015,PC,Percentage,0,Units,44.2
LUX,Luxembourg,MEAN,Mean,2016,2016,PC,Percentage,0,Units,43.8
LUX,Luxembourg,MEAN,Mean,2017,2017,PC,Percentage,0,Units,44.1
LUX,Luxembourg,MEAN,Mean,2018,2018,PC,Percentage,0,Units,43.3
LUX,Luxembourg,MEAN,Mean,2019,2019,PC,Percentage,0,Units,43.9
LUX,Luxembourg,MEAN,Mean,2020,2020,PC,Percentage,0,Units,42.6
LUX,Luxembourg,MEAN,Mean,2021,2021,PC,Percentage,0,Units,43.4
MEX,Mexico,MEAN,Mean,2000,2000,PC,Percentage,0,Units,33.1
MEX,Mexico,MEAN,Mean,2001,2001,PC,Percentage,0,Units,31.4
MEX,Mexico,MEAN,Mean,2002,2002,PC,Percentage,0,Units,30.8
MEX,Mexico,MEAN,Mean,2003,2003,PC,Percentage,0,Units,30.2
MEX,Mexico,MEAN,Mean,2004,2004,PC,Percentage,0,Units,29.9
MEX,Mexico,MEAN,Mean,2005,2005,PC,Percentage,0,Units,29.9
MEX,Mexico,MEAN,Mean,2006,2006,PC,Percentage,0,Units,29
MEX,Mexico,MEAN,Mean,2007,2007,PC,Percentage,0,Units,28.2
MEX,Mexico,MEAN,Mean,2008,2008,PC,Percentage,0,Units,28.6
MEX,Mexico,MEAN,Mean,2009,2009,PC,Percentage,0,Units,28.3
MEX,Mexico,MEAN,Mean,2010,2010,PC,Percentage,0,Units,26.5
MEX,Mexico,MEAN,Mean,2011,2011,PC,Percentage,0,Units,27
MEX,Mexico,MEAN,Mean,2012,2012,PC,Percentage,0,Units,27.3
MEX,Mexico,MEAN,Mean,2013,2013,PC,Percentage,0,Units,27.4
MEX,Mexico,MEAN,Mean,2014,2014,PC,Percentage,0,Units,28.6
MEX,Mexico,MEAN,Mean,2015,2015,PC,Percentage,0,Units,29.8
MEX,Mexico,MEAN,Mean,2016,2016,PC,Percentage,0,Units,30.3
MEX,Mexico,MEAN,Mean,2017,2017,PC,Percentage,0,Units,31.9
MEX,Mexico,MEAN,Mean,2018,2018,PC,Percentage,0,Units,33.7
MEX,Mexico,MEAN,Mean,2019,2019,PC,Percentage,0,Units,37.1
MEX,Mexico,MEAN,Mean,2020,2020,PC,Percentage,0,Units,41.2
MEX,Mexico,MEAN,Mean,2021,2021,PC,Percentage,0,Units,45
NLD,Netherlands,MEAN,Mean,2000,2000,PC,Percentage,0,Units,47.3
NLD,Netherlands,MEAN,Mean,2001,2001,PC,Percentage,0,Units,47.8
NLD,Netherlands,MEAN,Mean,2002,2002,PC,Percentage,0,Units,42.3
NLD,Netherlands,MEAN,Mean,2003,2003,PC,Percentage,0,Units,42.2
NLD,Netherlands,MEAN,Mean,2004,2004,PC,Percentage,0,Units,41.5
NLD,Netherlands,MEAN,Mean,2005,2005,PC,Percentage,0,Units,40.7
NLD,Netherlands,MEAN,Mean,2006,2006,PC,Percentage,0,Units,42.4
NLD,Netherlands,MEAN,Mean,2007,2007,PC,Percentage,0,Units,42
NLD,Netherlands,MEAN,Mean,2008,2008,PC,Percentage,0,Units,42
NLD,Netherlands,MEAN,Mean,2009,2009,PC,Percentage,0,Units,42.2
NLD,Netherlands,MEAN,Mean,2010,2010,PC,Percentage,0,Units,40.6
NLD,Netherlands,MEAN,Mean,2011,2011,PC,Percentage,0,Units,40.3
NLD,Netherlands,MEAN,Mean,2012,2012,PC,Percentage,0,Units,40.3
NLD,Netherlands,MEAN,Mean,2013,2013,PC,Percentage,0,Units,40
NLD,Netherlands,MEAN,Mean,2014,2014,PC,Percentage,0,Units,39.5
NLD,Netherlands,MEAN,Mean,2015,2015,PC,Percentage,0,Units,39.2
NLD,Netherlands,MEAN,Mean,2016,2016,PC,Percentage,0,Units,39.5
NLD,Netherlands,MEAN,Mean,2017,2017,PC,Percentage,0,Units,39.8
NLD,Netherlands,MEAN,Mean,2018,2018,PC,Percentage,0,Units,39.6
NLD,Netherlands,MEAN,Mean,2019,2019,PC,Percentage,0,Units,39.6
NLD,Netherlands,MEAN,Mean,2020,2020,PC,Percentage,0,Units,39.2
NLD,Netherlands,MEAN,Mean,2021,2021,PC,Percentage,0,Units,38.9
NZL,New Zealand,MEAN,Mean,2000,2000,PC,Percentage,0,Units,45.1
NZL,New Zealand,MEAN,Mean,2001,2001,PC,Percentage,0,Units,44.9
NZL,New Zealand,MEAN,Mean,2002,2002,PC,Percentage,0,Units,45.6
NZL,New Zealand,MEAN,Mean,2003,2003,PC,Percentage,0,Units,46
NZL,New Zealand,MEAN,Mean,2004,2004,PC,Percentage,0,Units,46.7
NZL,New Zealand,MEAN,Mean,2005,2005,PC,Percentage,0,Units,47.2
NZL,New Zealand,MEAN,Mean,2006,2006,PC,Percentage,0,Units,49.1
NZL,New Zealand,MEAN,Mean,2007,2007,PC,Percentage,0,Units,49.3
NZL,New Zealand,MEAN,Mean,2008,2008,PC,Percentage,0,Units,50.5
NZL,New Zealand,MEAN,Mean,2009,2009,PC,Percentage,0,Units,51.4
NZL,New Zealand,MEAN,Mean,2010,2010,PC,Percentage,0,Units,50.6
NZL,New Zealand,MEAN,Mean,2011,2011,PC,Percentage,0,Units,50.3
NZL,New Zealand,MEAN,Mean,2012,2012,PC,Percentage,0,Units,51
NZL,New Zealand,MEAN,Mean,2013,2013,PC,Percentage,0,Units,50.5
NZL,New Zealand,MEAN,Mean,2014,2014,PC,Percentage,0,Units,50.8
NZL,New Zealand,MEAN,Mean,2015,2015,PC,Percentage,0,Units,51
NZL,New Zealand,MEAN,Mean,2016,2016,PC,Percentage,0,Units,51.3
NZL,New Zealand,MEAN,Mean,2017,2017,PC,Percentage,0,Units,51.8
NZL,New Zealand,MEAN,Mean,2018,2018,PC,Percentage,0,Units,52.3
NZL,New Zealand,MEAN,Mean,2019,2019,PC,Percentage,0,Units,54.9
NZL,New Zealand,MEAN,Mean,2020,2020,PC,Percentage,0,Units,55.5
NZL,New Zealand,MEAN,Mean,2021,2021,PC,Percentage,0,Units,57.1
POL,Poland,MEAN,Mean,2000,2000,PC,Percentage,0,Units,32.6
POL,Poland,MEAN,Mean,2001,2001,PC,Percentage,0,Units,34.2
POL,Poland,MEAN,Mean,2002,2002,PC,Percentage,0,Units,34
POL,Poland,MEAN,Mean,2003,2003,PC,Percentage,0,Units,34.9
POL,Poland,MEAN,Mean,2004,2004,PC,Percentage,0,Units,34.7
POL,Poland,MEAN,Mean,2005,2005,PC,Percentage,0,Units,33.8
POL,Poland,MEAN,Mean,2006,2006,PC,Percentage,0,Units,33.8
POL,Poland,MEAN,Mean,2007,2007,PC,Percentage,0,Units,32
POL,Poland,MEAN,Mean,2008,2008,PC,Percentage,0,Units,34.8
POL,Poland,MEAN,Mean,2009,2009,PC,Percentage,0,Units,37.4
POL,Poland,MEAN,Mean,2010,2010,PC,Percentage,0,Units,37.1
POL,Poland,MEAN,Mean,2011,2011,PC,Percentage,0,Units,37.1
POL,Poland,MEAN,Mean,2012,2012,PC,Percentage,0,Units,38.5
POL,Poland,MEAN,Mean,2013,2013,PC,Percentage,0,Units,39.6
POL,Poland,MEAN,Mean,2014,2014,PC,Percentage,0,Units,40.8
POL,Poland,MEAN,Mean,2015,2015,PC,Percentage,0,Units,41
POL,Poland,MEAN,Mean,2016,2016,PC,Percentage,0,Units,42.5
POL,Poland,MEAN,Mean,2017,2017,PC,Percentage,0,Units,43.5
POL,Poland,MEAN,Mean,2018,2018,PC,Percentage,0,Units,41.9
POL,Poland,MEAN,Mean,2019,2019,PC,Percentage,0,Units,41.9
POL,Poland,MEAN,Mean,2020,2020,PC,Percentage,0,Units,45.4
POL,Poland,MEAN,Mean,2021,2021,PC,Percentage,0,Units,45
PRT,Portugal,MEAN,Mean,2000,2000,PC,Percentage,0,Units,34.8
PRT,Portugal,MEAN,Mean,2001,2001,PC,Percentage,0,Units,34.5
PRT,Portugal,MEAN,Mean,2002,2002,PC,Percentage,0,Units,35.9
PRT,Portugal,MEAN,Mean,2003,2003,PC,Percentage,0,Units,35.5
PRT,Portugal,MEAN,Mean,2004,2004,PC,Percentage,0,Units,35.6
PRT,Portugal,MEAN,Mean,2005,2005,PC,Percentage,0,Units,35.4
PRT,Portugal,MEAN,Mean,2006,2006,PC,Percentage,0,Units,32.5
PRT,Portugal,MEAN,Mean,2007,2007,PC,Percentage,0,Units,32.7
PRT,Portugal,MEAN,Mean,2008,2008,PC,Percentage,0,Units,33.3
PRT,Portugal,MEAN,Mean,2009,2009,PC,Percentage,0,Units,34.2
PRT,Portugal,MEAN,Mean,2010,2010,PC,Percentage,0,Units,35.9
PRT,Portugal,MEAN,Mean,2011,2011,PC,Percentage,0,Units,35.8
PRT,Portugal,MEAN,Mean,2012,2012,PC,Percentage,0,Units,35.5
PRT,Portugal,MEAN,Mean,2013,2013,PC,Percentage,0,Units,35.5
PRT,Portugal,MEAN,Mean,2014,2014,PC,Percentage,0,Units,39.2
PRT,Portugal,MEAN,Mean,2015,2015,PC,Percentage,0,Units,40.2
PRT,Portugal,MEAN,Mean,2016,2016,PC,Percentage,0,Units,41.8
PRT,Portugal,MEAN,Mean,2017,2017,PC,Percentage,0,Units,42.9
PRT,Portugal,MEAN,Mean,2018,2018,PC,Percentage,0,Units,44.5
PRT,Portugal,MEAN,Mean,2019,2019,PC,Percentage,0,Units,44.5
PRT,Portugal,MEAN,Mean,2020,2020,PC,Percentage,0,Units,46.2
PRT,Portugal,MEAN,Mean,2021,2021,PC,Percentage,0,Units,46.6
SVK,Slovak Republic,MEAN,Mean,2000,2000,PC,Percentage,0,Units,34.1
SVK,Slovak Republic,MEAN,Mean,2001,2001,PC,Percentage,0,Units,35
SVK,Slovak Republic,MEAN,Mean,2002,2002,PC,Percentage,0,Units,34
SVK,Slovak Republic,MEAN,Mean,2003,2003,PC,Percentage,0,Units,36.3
SVK,Slovak Republic,MEAN,Mean,2004,2004,PC,Percentage,0,Units,35
SVK,Slovak Republic,MEAN,Mean,2005,2005,PC,Percentage,0,Units,34.6
SVK,Slovak Republic,MEAN,Mean,2006,2006,PC,Percentage,0,Units,34.6
SVK,Slovak Republic,MEAN,Mean,2007,2007,PC,Percentage,0,Units,34.5
SVK,Slovak Republic,MEAN,Mean,2008,2008,PC,Percentage,0,Units,33.6
SVK,Slovak Republic,MEAN,Mean,2009,2009,PC,Percentage,0,Units,35.5
SVK,Slovak Republic,MEAN,Mean,2010,2010,PC,Percentage,0,Units,36.9
SVK,Slovak Republic,MEAN,Mean,2011,2011,PC,Percentage,0,Units,35.7
SVK,Slovak Republic,MEAN,Mean,2012,2012,PC,Percentage,0,Units,35.7
SVK,Slovak Republic,MEAN,Mean,2013,2013,PC,Percentage,0,Units,35.9
SVK,Slovak Republic,MEAN,Mean,2014,2014,PC,Percentage,0,Units,36.6
SVK,Slovak Republic,MEAN,Mean,2015,2015,PC,Percentage,0,Units,36.9
SVK,Slovak Republic,MEAN,Mean,2016,2016,PC,Percentage,0,Units,37.5
SVK,Slovak Republic,MEAN,Mean,2017,2017,PC,Percentage,0,Units,38.1
SVK,Slovak Republic,MEAN,Mean,2018,2018,PC,Percentage,0,Units,39.4
SVK,Slovak Republic,MEAN,Mean,2019,2019,PC,Percentage,0,Units,39.8
SVK,Slovak Republic,MEAN,Mean,2020,2020,PC,Percentage,0,Units,41.9
SVK,Slovak Republic,MEAN,Mean,2021,2021,PC,Percentage,0,Units,39.3
ESP,Spain,MEAN,Mean,2000,2000,PC,Percentage,0,Units,29.2
ESP,Spain,MEAN,Mean,2001,2001,PC,Percentage,0,Units,28.9
ESP,Spain,MEAN,Mean,2002,2002,PC,Percentage,0,Units,28.3
ESP,Spain,MEAN,Mean,2003,2003,PC,Percentage,0,Units,27.7
ESP,Spain,MEAN,Mean,2004,2004,PC,Percentage,0,Units,28.3
ESP,Spain,MEAN,Mean,2005,2005,PC,Percentage,0,Units,29.6
ESP,Spain,MEAN,Mean,2006,2006,PC,Percentage,0,Units,31.2
ESP,Spain,MEAN,Mean,2007,2007,PC,Percentage,0,Units,31.6
ESP,Spain,MEAN,Mean,2008,2008,PC,Percentage,0,Units,31.6
ESP,Spain,MEAN,Mean,2009,2009,PC,Percentage,0,Units,31.5
ESP,Spain,MEAN,Mean,2010,2010,PC,Percentage,0,Units,31.6
ESP,Spain,MEAN,Mean,2011,2011,PC,Percentage,0,Units,32
ESP,Spain,MEAN,Mean,2012,2012,PC,Percentage,0,Units,31.9
ESP,Spain,MEAN,Mean,2013,2013,PC,Percentage,0,Units,31.8
ESP,Spain,MEAN,Mean,2014,2014,PC,Percentage,0,Units,31.2
ESP,Spain,MEAN,Mean,2015,2015,PC,Percentage,0,Units,31.2
ESP,Spain,MEAN,Mean,2016,2016,PC,Percentage,0,Units,31.8
ESP,Spain,MEAN,Mean,2017,2017,PC,Percentage,0,Units,33.7
ESP,Spain,MEAN,Mean,2018,2018,PC,Percentage,0,Units,34.3
ESP,Spain,MEAN,Mean,2019,2019,PC,Percentage,0,Units,41.4
ESP,Spain,MEAN,Mean,2020,2020,PC,Percentage,0,Units,43
ESP,Spain,MEAN,Mean,2021,2021,PC,Percentage,0,Units,40.5
TUR,Türkiye,MEAN,Mean,2000,2000,PC,Percentage,0,Units,24.2
TUR,Türkiye,MEAN,Mean,2001,2001,PC,Percentage,0,Units,24.3
TUR,Türkiye,MEAN,Mean,2002,2002,PC,Percentage,0,Units,28.2
TUR,Türkiye,MEAN,Mean,2003,2003,PC,Percentage,0,Units,31
TUR,Türkiye,MEAN,Mean,2004,2004,PC,Percentage,0,Units,39.2
TUR,Türkiye,MEAN,Mean,2005,2005,PC,Percentage,0,Units,39.4
TUR,Türkiye,MEAN,Mean,2006,2006,PC,Percentage,0,Units,38.4
TUR,Türkiye,MEAN,Mean,2007,2007,PC,Percentage,0,Units,37.9
TUR,Türkiye,MEAN,Mean,2008,2008,PC,Percentage,0,Units,37.5
TUR,Türkiye,MEAN,Mean,2009,2009,PC,Percentage,0,Units,37.7
TUR,Türkiye,MEAN,Mean,2010,2010,PC,Percentage,0,Units,38.5
TUR,Türkiye,MEAN,Mean,2011,2011,PC,Percentage,0,Units,39.3
TUR,Türkiye,MEAN,Mean,2012,2012,PC,Percentage,0,Units,40.2
TUR,Türkiye,MEAN,Mean,2013,2013,PC,Percentage,0,Units,39.8
TUR,Türkiye,MEAN,Mean,2014,2014,PC,Percentage,0,Units,39.3
TUR,Türkiye,MEAN,Mean,2015,2015,PC,Percentage,0,Units,39.8
TUR,Türkiye,MEAN,Mean,2016,2016,PC,Percentage,0,Units,42.7
TUR,Türkiye,MEAN,Mean,2017,2017,PC,Percentage,0,Units,40.6
TUR,Türkiye,MEAN,Mean,2018,2018,PC,Percentage,0,Units,40.4
TUR,Türkiye,MEAN,Mean,2019,2019,PC,Percentage,0,Units,40.4
TUR,Türkiye,MEAN,Mean,2020,2020,PC,Percentage,0,Units,39.3
TUR,Türkiye,MEAN,Mean,2021,2021,PC,Percentage,0,Units,40.2
GBR,United Kingdom,MEAN,Mean,2000,2000,PC,Percentage,0,Units,34
GBR,United Kingdom,MEAN,Mean,2001,2001,PC,Percentage,0,Units,33
GBR,United Kingdom,MEAN,Mean,2002,2002,PC,Percentage,0,Units,34.8
GBR,United Kingdom,MEAN,Mean,2003,2003,PC,Percentage,0,Units,34.5
GBR,United Kingdom,MEAN,Mean,2004,2004,PC,Percentage,0,Units,35.6
GBR,United Kingdom,MEAN,Mean,2005,2005,PC,Percentage,0,Units,36.9
GBR,United Kingdom,MEAN,Mean,2006,2006,PC,Percentage,0,Units,37.1
GBR,United Kingdom,MEAN,Mean,2007,2007,PC,Percentage,0,Units,38.2
GBR,United Kingdom,MEAN,Mean,2008,2008,PC,Percentage,0,Units,37.7
GBR,United Kingdom,MEAN,Mean,2009,2009,PC,Percentage,0,Units,38
GBR,United Kingdom,MEAN,Mean,2010,2010,PC,Percentage,0,Units,37.9
GBR,United Kingdom,MEAN,Mean,2011,2011,PC,Percentage,0,Units,38.4
GBR,United Kingdom,MEAN,Mean,2012,2012,PC,Percentage,0,Units,39
GBR,United Kingdom,MEAN,Mean,2013,2013,PC,Percentage,0,Units,38.9
GBR,United Kingdom,MEAN,Mean,2014,2014,PC,Percentage,0,Units,39.8
GBR,United Kingdom,MEAN,Mean,2015,2015,PC,Percentage,0,Units,40.5
GBR,United Kingdom,MEAN,Mean,2016,2016,PC,Percentage,0,Units,43.7
GBR,United Kingdom,MEAN,Mean,2017,2017,PC,Percentage,0,Units,44.3
GBR,United Kingdom,MEAN,Mean,2018,2018,PC,Percentage,0,Units,44.7
GBR,United Kingdom,MEAN,Mean,2019,2019,PC,Percentage,0,Units,45.5
GBR,United Kingdom,MEAN,Mean,2020,2020,PC,Percentage,0,Units,47.5
GBR,United Kingdom,MEAN,Mean,2021,2021,PC,Percentage,0,Units,47.5
USA,United States,MEAN,Mean,2000,2000,PC,Percentage,0,Units,28.5
USA,United States,MEAN,Mean,2001,2001,PC,Percentage,0,Units,27
USA,United States,MEAN,Mean,2002,2002,PC,Percentage,0,Units,26.2
USA,United States,MEAN,Mean,2003,2003,PC,Percentage,0,Units,25.7
USA,United States,MEAN,Mean,2004,2004,PC,Percentage,0,Units,24.9
USA,United States,MEAN,Mean,2005,2005,PC,Percentage,0,Units,24.4
USA,United States,MEAN,Mean,2006,2006,PC,Percentage,0,Units,23.6
USA,United States,MEAN,Mean,2007,2007,PC,Percentage,0,Units,23.4
USA,United States,MEAN,Mean,2008,2008,PC,Percentage,0,Units,25.3
USA,United States,MEAN,Mean,2009,2009,PC,Percentage,0,Units,26.9
USA,United States,MEAN,Mean,2010,2010,PC,Percentage,0,Units,28.4
USA,United States,MEAN,Mean,2011,2011,PC,Percentage,0,Units,27.9
USA,United States,MEAN,Mean,2012,2012,PC,Percentage,0,Units,27.1
USA,United States,MEAN,Mean,2013,2013,PC,Percentage,0,Units,26.7
USA,United States,MEAN,Mean,2014,2014,PC,Percentage,0,Units,26.6
USA,United States,MEAN,Mean,2015,2015,PC,Percentage,0,Units,25.1
USA,United States,MEAN,Mean,2016,2016,PC,Percentage,0,Units,24.8
USA,United States,MEAN,Mean,2017,2017,PC,Percentage,0,Units,24.2
USA,United States,MEAN,Mean,2018,2018,PC,Percentage,0,Units,23.2
USA,United States,MEAN,Mean,2019,2019,PC,Percentage,0,Units,22.3
USA,United States,MEAN,Mean,2020,2020,PC,Percentage,0,Units,21.1
USA,United States,MEAN,Mean,2021,2021,PC,Percentage,0,Units,20.4
SVN,Slovenia,MEAN,Mean,2005,2005,PC,Percentage,0,Units,43.1
SVN,Slovenia,MEAN,Mean,2006,2006,PC,Percentage,0,Units,42
SVN,Slovenia,MEAN,Mean,2007,2007,PC,Percentage,0,Units,40.7
SVN,Slovenia,MEAN,Mean,2008,2008,PC,Percentage,0,Units,40.6
SVN,Slovenia,MEAN,Mean,2009,2009,PC,Percentage,0,Units,40.7
SVN,Slovenia,MEAN,Mean,2010,2010,PC,Percentage,0,Units,48
SVN,Slovenia,MEAN,Mean,2011,2011,PC,Percentage,0,Units,49.3
SVN,Slovenia,MEAN,Mean,2012,2012,PC,Percentage,0,Units,50.4
SVN,Slovenia,MEAN,Mean,2013,2013,PC,Percentage,0,Units,51.9
SVN,Slovenia,MEAN,Mean,2014,2014,PC,Percentage,0,Units,49.4
SVN,Slovenia,MEAN,Mean,2015,2015,PC,Percentage,0,Units,49.2
SVN,Slovenia,MEAN,Mean,2016,2016,PC,Percentage,0,Units,48.4
SVN,Slovenia,MEAN,Mean,2017,2017,PC,Percentage,0,Units,47.9
SVN,Slovenia,MEAN,Mean,2018,2018,PC,Percentage,0,Units,48.7
SVN,Slovenia,MEAN,Mean,2019,2019,PC,Percentage,0,Units,49.1
SVN,Slovenia,MEAN,Mean,2020,2020,PC,Percentage,0,Units,49.1
SVN,Slovenia,MEAN,Mean,2021,2021,PC,Percentage,0,Units,50.5
EST,Estonia,MEAN,Mean,2000,2000,PC,Percentage,0,Units,27.5
EST,Estonia,MEAN,Mean,2001,2001,PC,Percentage,0,Units,28.1
EST,Estonia,MEAN,Mean,2002,2002,PC,Percentage,0,Units,29.7
EST,Estonia,MEAN,Mean,2003,2003,PC,Percentage,0,Units,31.6
EST,Estonia,MEAN,Mean,2004,2004,PC,Percentage,0,Units,33.6
EST,Estonia,MEAN,Mean,2005,2005,PC,Percentage,0,Units,32.3
EST,Estonia,MEAN,Mean,2006,2006,PC,Percentage,0,Units,30.2
EST,Estonia,MEAN,Mean,2007,2007,PC,Percentage,0,Units,29.7
EST,Estonia,MEAN,Mean,2008,2008,PC,Percentage,0,Units,32.4
EST,Estonia,MEAN,Mean,2009,2009,PC,Percentage,0,Units,34.1
EST,Estonia,MEAN,Mean,2010,2010,PC,Percentage,0,Units,33.9
EST,Estonia,MEAN,Mean,2011,2011,PC,Percentage,0,Units,32
EST,Estonia,MEAN,Mean,2012,2012,PC,Percentage,0,Units,31.6
EST,Estonia,MEAN,Mean,2013,2013,PC,Percentage,0,Units,32.6
EST,Estonia,MEAN,Mean,2014,2014,PC,Percentage,0,Units,34
EST,Estonia,MEAN,Mean,2015,2015,PC,Percentage,0,Units,35.2
EST,Estonia,MEAN,Mean,2016,2016,PC,Percentage,0,Units,36.1
EST,Estonia,MEAN,Mean,2017,2017,PC,Percentage,0,Units,37
EST,Estonia,MEAN,Mean,2018,2018,PC,Percentage,0,Units,36.7
EST,Estonia,MEAN,Mean,2019,2019,PC,Percentage,0,Units,36.9
EST,Estonia,MEAN,Mean,2020,2020,PC,Percentage,0,Units,38.8
EST,Estonia,MEAN,Mean,2021,2021,PC,Percentage,0,Units,36.3
LTU,Lithuania,MEAN,Mean,2000,2000,PC,Percentage,0,Units,37.8
LTU,Lithuania,MEAN,Mean,2001,2001,PC,Percentage,0,Units,37.3
LTU,Lithuania,MEAN,Mean,2002,2002,PC,Percentage,0,Units,36.1
LTU,Lithuania,MEAN,Mean,2003,2003,PC,Percentage,0,Units,34.7
LTU,Lithuania,MEAN,Mean,2004,2004,PC,Percentage,0,Units,35.9
LTU,Lithuania,MEAN,Mean,2005,2005,PC,Percentage,0,Units,35.1
LTU,Lithuania,MEAN,Mean,2006,2006,PC,Percentage,0,Units,33.7
LTU,Lithuania,MEAN,Mean,2007,2007,PC,Percentage,0,Units,31.6
LTU,Lithuania,MEAN,Mean,2008,2008,PC,Percentage,0,Units,32.6
LTU,Lithuania,MEAN,Mean,2009,2009,PC,Percentage,0,Units,34.1
LTU,Lithuania,MEAN,Mean,2010,2010,PC,Percentage,0,Units,39.7
LTU,Lithuania,MEAN,Mean,2011,2011,PC,Percentage,0,Units,38.6
LTU,Lithuania,MEAN,Mean,2012,2012,PC,Percentage,0,Units,38.4
LTU,Lithuania,MEAN,Mean,2013,2013,PC,Percentage,0,Units,44.4
LTU,Lithuania,MEAN,Mean,2014,2014,PC,Percentage,0,Units,41.3
LTU,Lithuania,MEAN,Mean,2015,2015,PC,Percentage,0,Units,41.9
LTU,Lithuania,MEAN,Mean,2016,2016,PC,Percentage,0,Units,45.1
LTU,Lithuania,MEAN,Mean,2017,2017,PC,Percentage,0,Units,43.3
LTU,Lithuania,MEAN,Mean,2018,2018,PC,Percentage,0,Units,41.1
LTU,Lithuania,MEAN,Mean,2019,2019,PC,Percentage,0,Units,40.7
LTU,Lithuania,MEAN,Mean,2020,2020,PC,Percentage,0,Units,40.4
LTU,Lithuania,MEAN,Mean,2021,2021,PC,Percentage,0,Units,38.7
ROU,Romania,MEAN,Mean,2000,2000,PC,Percentage,0,Units,19.5
ROU,Romania,MEAN,Mean,2001,2001,PC,Percentage,0,Units,28.6
ROU,Romania,MEAN,Mean,2002,2002,PC,Percentage,0,Units,28.5
ROU,Romania,MEAN,Mean,2003,2003,PC,Percentage,0,Units,34.9
ROU,Romania,MEAN,Mean,2004,2004,PC,Percentage,0,Units,33.4
ROU,Romania,MEAN,Mean,2005,2005,PC,Percentage,0,Units,31.6
ROU,Romania,MEAN,Mean,2006,2006,PC,Percentage,0,Units,27.9
ROU,Romania,MEAN,Mean,2007,2007,PC,Percentage,0,Units,26.2
ROU,Romania,MEAN,Mean,2008,2008,PC,Percentage,0,Units,28.2
ROU,Romania,MEAN,Mean,2009,2009,PC,Percentage,0,Units,31.7
ROU,Romania,MEAN,Mean,2010,2010,PC,Percentage,0,Units,31.5
ROU,Romania,MEAN,Mean,2011,2011,PC,Percentage,0,Units,33.1
ROU,Romania,MEAN,Mean,2012,2012,PC,Percentage,0,Units,32.5
ROU,Romania,MEAN,Mean,2013,2013,PC,Percentage,0,Units,34.8
ROU,Romania,MEAN,Mean,2014,2014,PC,Percentage,0,Units,37.5
ROU,Romania,MEAN,Mean,2015,2015,PC,Percentage,0,Units,40.1
ROU,Romania,MEAN,Mean,2016,2016,PC,Percentage,0,Units,40.7
ROU,Romania,MEAN,Mean,2017,2017,PC,Percentage,0,Units,43.5
ROU,Romania,MEAN,Mean,2018,2018,PC,Percentage,0,Units,42.6
ROU,Romania,MEAN,Mean,2019,2019,PC,Percentage,0,Units,41.3
ROU,Romania,MEAN,Mean,2020,2020,PC,Percentage,0,Units,41.6
ROU,Romania,MEAN,Mean,2021,2021,PC,Percentage,0,Units,40.1
LVA,Latvia,MEAN,Mean,2000,2000,PC,Percentage,0,Units,25.5
LVA,Latvia,MEAN,Mean,2001,2001,PC,Percentage,0,Units,26.3
LVA,Latvia,MEAN,Mean,2002,2002,PC,Percentage,0,Units,26.4
LVA,Latvia,MEAN,Mean,2003,2003,PC,Percentage,0,Units,33.4
LVA,Latvia,MEAN,Mean,2004,2004,PC,Percentage,0,Units,34.9
LVA,Latvia,MEAN,Mean,2005,2005,PC,Percentage,0,Units,30
LVA,Latvia,MEAN,Mean,2006,2006,PC,Percentage,0,Units,27.4
LVA,Latvia,MEAN,Mean,2007,2007,PC,Percentage,0,Units,28.5
LVA,Latvia,MEAN,Mean,2008,2008,PC,Percentage,0,Units,31.5
LVA,Latvia,MEAN,Mean,2009,2009,PC,Percentage,0,Units,36.9
LVA,Latvia,MEAN,Mean,2010,2010,PC,Percentage,0,Units,38.2
LVA,Latvia,MEAN,Mean,2011,2011,PC,Percentage,0,Units,40.5
LVA,Latvia,MEAN,Mean,2012,2012,PC,Percentage,0,Units,39.1
LVA,Latvia,MEAN,Mean,2013,2013,PC,Percentage,0,Units,37.3
LVA,Latvia,MEAN,Mean,2014,2014,PC,Percentage,0,Units,39.4
LVA,Latvia,MEAN,Mean,2015,2015,PC,Percentage,0,Units,41.4
LVA,Latvia,MEAN,Mean,2016,2016,PC,Percentage,0,Units,40.6
LVA,Latvia,MEAN,Mean,2017,2017,PC,Percentage,0,Units,38.6
LVA,Latvia,MEAN,Mean,2018,2018,PC,Percentage,0,Units,37.5
LVA,Latvia,MEAN,Mean,2019,2019,PC,Percentage,0,Units,35
LVA,Latvia,MEAN,Mean,2020,2020,PC,Percentage,0,Units,32.9
LVA,Latvia,MEAN,Mean,2021,2021,PC,Percentage,0,Units,34.3
AUS,Australia,MEDIAN,Median,2000,2000,PC,Percentage,0,Units,57.6
AUS,Australia,MEDIAN,Median,2001,2001,PC,Percentage,0,Units,58.1
AUS,Australia,MEDIAN,Median,2002,2002,PC,Percentage,0,Units,57.5
AUS,Australia,MEDIAN,Median,2003,2003,PC,Percentage,0,Units,58.3
AUS,Australia,MEDIAN,Median,2004,2004,PC,Percentage,0,Units,58.4
AUS,Australia,MEDIAN,Median,2005,2005,PC,Percentage,0,Units,57.4
AUS,Australia,MEDIAN,Median,2006,2006,PC,Percentage,0,Units,53.8
AUS,Australia,MEDIAN,Median,2007,2007,PC,Percentage,0,Units,54.4
AUS,Australia,MEDIAN,Median,2008,2008,PC,Percentage,0,Units,52.2
AUS,Australia,MEDIAN,Median,2009,2009,PC,Percentage,0,Units,54.3
AUS,Australia,MEDIAN,Median,2010,2010,PC,Percentage,0,Units,54.2
AUS,Australia,MEDIAN,Median,2011,2011,PC,Percentage,0,Units,53.5
AUS,Australia,MEDIAN,Median,2012,2012,PC,Percentage,0,Units,52.7
AUS,Australia,MEDIAN,Median,2013,2013,PC,Percentage,0,Units,53.9
AUS,Australia,MEDIAN,Median,2014,2014,PC,Percentage,0,Units,53
AUS,Australia,MEDIAN,Median,2015,2015,PC,Percentage,0,Units,53.2
AUS,Australia,MEDIAN,Median,2016,2016,PC,Percentage,0,Units,53.8
AUS,Australia,MEDIAN,Median,2017,2017,PC,Percentage,0,Units,54.2
AUS,Australia,MEDIAN,Median,2018,2018,PC,Percentage,0,Units,53.5
AUS,Australia,MEDIAN,Median,2019,2019,PC,Percentage,0,Units,53.8
AUS,Australia,MEDIAN,Median,2020,2020,PC,Percentage,0,Units,52.6
AUS,Australia,MEDIAN,Median,2021,2021,PC,Percentage,0,Units,51.5
BEL,Belgium,MEDIAN,Median,2000,2000,PC,Percentage,0,Units,50.5
BEL,Belgium,MEDIAN,Median,2001,2001,PC,Percentage,0,Units,49.6
BEL,Belgium,MEDIAN,Median,2002,2002,PC,Percentage,0,Units,50.1
BEL,Belgium,MEDIAN,Median,2003,2003,PC,Percentage,0,Units,48.7
BEL,Belgium,MEDIAN,Median,2004,2004,PC,Percentage,0,Units,48.3
BEL,Belgium,MEDIAN,Median,2005,2005,PC,Percentage,0,Units,48.2
BEL,Belgium,MEDIAN,Median,2006,2006,PC,Percentage,0,Units,47.5
BEL,Belgium,MEDIAN,Median,2007,2007,PC,Percentage,0,Units,47.9
BEL,Belgium,MEDIAN,Median,2008,2008,PC,Percentage,0,Units,47.9
BEL,Belgium,MEDIAN,Median,2009,2009,PC,Percentage,0,Units,49.4
BEL,Belgium,MEDIAN,Median,2010,2010,PC,Percentage,0,Units,48.2
BEL,Belgium,MEDIAN,Median,2011,2011,PC,Percentage,0,Units,48.6
BEL,Belgium,MEDIAN,Median,2012,2012,PC,Percentage,0,Units,48.3
BEL,Belgium,MEDIAN,Median,2013,2013,PC,Percentage,0,Units,49.3
BEL,Belgium,MEDIAN,Median,2014,2014,PC,Percentage,0,Units,47.2
BEL,Belgium,MEDIAN,Median,2015,2015,PC,Percentage,0,Units,45.3
BEL,Belgium,MEDIAN,Median,2016,2016,PC,Percentage,0,Units,45.7
BEL,Belgium,MEDIAN,Median,2017,2017,PC,Percentage,0,Units,45.2
BEL,Belgium,MEDIAN,Median,2018,2018,PC,Percentage,0,Units,42.6
BEL,Belgium,MEDIAN,Median,2019,2019,PC,Percentage,0,Units,42.5
BEL,Belgium,MEDIAN,Median,2020,2020,PC,Percentage,0,Units,43.9
BEL,Belgium,MEDIAN,Median,2021,2021,PC,Percentage,0,Units,44.7
CAN,Canada,MEDIAN,Median,2000,2000,PC,Percentage,0,Units,41.4
CAN,Canada,MEDIAN,Median,2001,2001,PC,Percentage,0,Units,40.3
CAN,Canada,MEDIAN,Median,2002,2002,PC,Percentage,0,Units,40.2
CAN,Canada,MEDIAN,Median,2003,2003,PC,Percentage,0,Units,40
CAN,Canada,MEDIAN,Median,2004,2004,PC,Percentage,0,Units,39.3
CAN,Canada,MEDIAN,Median,2005,2005,PC,Percentage,0,Units,40.2
CAN,Canada,MEDIAN,Median,2006,2006,PC,Percentage,0,Units,40.4
CAN,Canada,MEDIAN,Median,2007,2007,PC,Percentage,0,Units,40.7
CAN,Canada,MEDIAN,Median,2008,2008,PC,Percentage,0,Units,41.7
CAN,Canada,MEDIAN,Median,2009,2009,PC,Percentage,0,Units,42.2
CAN,Canada,MEDIAN,Median,2010,2010,PC,Percentage,0,Units,43.9
CAN,Canada,MEDIAN,Median,2011,2011,PC,Percentage,0,Units,44.6
CAN,Canada,MEDIAN,Median,2012,2012,PC,Percentage,0,Units,45.3
CAN,Canada,MEDIAN,Median,2013,2013,PC,Percentage,0,Units,44.3
CAN,Canada,MEDIAN,Median,2014,2014,PC,Percentage,0,Units,45
CAN,Canada,MEDIAN,Median,2015,2015,PC,Percentage,0,Units,44.5
CAN,Canada,MEDIAN,Median,2016,2016,PC,Percentage,0,Units,45.7
CAN,Canada,MEDIAN,Median,2017,2017,PC,Percentage,0,Units,45.7
CAN,Canada,MEDIAN,Median,2018,2018,PC,Percentage,0,Units,51.4
CAN,Canada,MEDIAN,Median,2019,2019,PC,Percentage,0,Units,51.2
CAN,Canada,MEDIAN,Median,2020,2020,PC,Percentage,0,Units,48.9
CAN,Canada,MEDIAN,Median,2021,2021,PC,Percentage,0,Units,49.5
CZE,Czech Republic,MEDIAN,Median,2000,2000,PC,Percentage,0,Units,32.4
CZE,Czech Republic,MEDIAN,Median,2001,2001,PC,Percentage,0,Units,35.3
CZE,Czech Republic,MEDIAN,Median,2002,2002,PC,Percentage,0,Units,39
CZE,Czech Republic,MEDIAN,Median,2003,2003,PC,Percentage,0,Units,39.5
CZE,Czech Republic,MEDIAN,Median,2004,2004,PC,Percentage,0,Units,40.2
CZE,Czech Republic,MEDIAN,Median,2005,2005,PC,Percentage,0,Units,41.1
CZE,Czech Republic,MEDIAN,Median,2006,2006,PC,Percentage,0,Units,42.3
CZE,Czech Republic,MEDIAN,Median,2007,2007,PC,Percentage,0,Units,40.7
CZE,Czech Republic,MEDIAN,Median,2008,2008,PC,Percentage,0,Units,38.3
CZE,Czech Republic,MEDIAN,Median,2009,2009,PC,Percentage,0,Units,38.3
CZE,Czech Republic,MEDIAN,Median,2010,2010,PC,Percentage,0,Units,37.6
CZE,Czech Republic,MEDIAN,Median,2011,2011,PC,Percentage,0,Units,37.1
CZE,Czech Republic,MEDIAN,Median,2012,2012,PC,Percentage,0,Units,36.3
CZE,Czech Republic,MEDIAN,Median,2013,2013,PC,Percentage,0,Units,36.8
CZE,Czech Republic,MEDIAN,Median,2014,2014,PC,Percentage,0,Units,37.2
CZE,Czech Republic,MEDIAN,Median,2015,2015,PC,Percentage,0,Units,38.7
CZE,Czech Republic,MEDIAN,Median,2016,2016,PC,Percentage,0,Units,39.6
CZE,Czech Republic,MEDIAN,Median,2017,2017,PC,Percentage,0,Units,40.9
CZE,Czech Republic,MEDIAN,Median,2018,2018,PC,Percentage,0,Units,41.8
CZE,Czech Republic,MEDIAN,Median,2019,2019,PC,Percentage,0,Units,42.9
CZE,Czech Republic,MEDIAN,Median,2020,2020,PC,Percentage,0,Units,43.9
CZE,Czech Republic,MEDIAN,Median,2021,2021,PC,Percentage,0,Units,43.2
FRA,France,MEDIAN,Median,2000,2000,PC,Percentage,0,Units,61.6
FRA,France,MEDIAN,Median,2001,2001,PC,Percentage,0,Units,63.1
FRA,France,MEDIAN,Median,2002,2002,PC,Percentage,0,Units,63.1
FRA,France,MEDIAN,Median,2003,2003,PC,Percentage,0,Units,63.8
FRA,France,MEDIAN,Median,2004,2004,PC,Percentage,0,Units,65.7
FRA,France,MEDIAN,Median,2005,2005,PC,Percentage,0,Units,67
FRA,France,MEDIAN,Median,2006,2006,PC,Percentage,0,Units,63.3
FRA,France,MEDIAN,Median,2007,2007,PC,Percentage,0,Units,63.3
FRA,France,MEDIAN,Median,2008,2008,PC,Percentage,0,Units,62.9
FRA,France,MEDIAN,Median,2009,2009,PC,Percentage,0,Units,62.7
FRA,France,MEDIAN,Median,2010,2010,PC,Percentage,0,Units,62.1
FRA,France,MEDIAN,Median,2011,2011,PC,Percentage,0,Units,61.9
FRA,France,MEDIAN,Median,2012,2012,PC,Percentage,0,Units,63
FRA,France,MEDIAN,Median,2013,2013,PC,Percentage,0,Units,62.8
FRA,France,MEDIAN,Median,2014,2014,PC,Percentage,0,Units,62.5
FRA,France,MEDIAN,Median,2015,2015,PC,Percentage,0,Units,62.3
FRA,France,MEDIAN,Median,2016,2016,PC,Percentage,0,Units,62
FRA,France,MEDIAN,Median,2017,2017,PC,Percentage,0,Units,61.7
FRA,France,MEDIAN,Median,2018,2018,PC,Percentage,0,Units,61.6
FRA,France,MEDIAN,Median,2019,2019,PC,Percentage,0,Units,61.4
FRA,France,MEDIAN,Median,2020,2020,PC,Percentage,0,Units,61.1
FRA,France,MEDIAN,Median,2021,2021,PC,Percentage,0,Units,60.9
GRC,Greece,MEDIAN,Median,2000,2000,PC,Percentage,0,Units,48.3
GRC,Greece,MEDIAN,Median,2001,2001,PC,Percentage,0,Units,46.8
GRC,Greece,MEDIAN,Median,2002,2002,PC,Percentage,0,Units,46.8
GRC,Greece,MEDIAN,Median,2003,2003,PC,Percentage,0,Units,41.8
GRC,Greece,MEDIAN,Median,2004,2004,PC,Percentage,0,Units,41.9
GRC,Greece,MEDIAN,Median,2005,2005,PC,Percentage,0,Units,43.7
GRC,Greece,MEDIAN,Median,2006,2006,PC,Percentage,0,Units,43.6
GRC,Greece,MEDIAN,Median,2007,2007,PC,Percentage,0,Units,44.4
GRC,Greece,MEDIAN,Median,2008,2008,PC,Percentage,0,Units,46.1
GRC,Greece,MEDIAN,Median,2009,2009,PC,Percentage,0,Units,46.3
GRC,Greece,MEDIAN,Median,2010,2010,PC,Percentage,0,Units,46.5
GRC,Greece,MEDIAN,Median,2011,2011,PC,Percentage,0,Units,48.5
GRC,Greece,MEDIAN,Median,2012,2012,PC,Percentage,0,Units,41
GRC,Greece,MEDIAN,Median,2013,2013,PC,Percentage,0,Units,43.3
GRC,Greece,MEDIAN,Median,2014,2014,PC,Percentage,0,Units,42
GRC,Greece,MEDIAN,Median,2015,2015,PC,Percentage,0,Units,42.3
GRC,Greece,MEDIAN,Median,2016,2016,PC,Percentage,0,Units,43.9
GRC,Greece,MEDIAN,Median,2017,2017,PC,Percentage,0,Units,43.2
GRC,Greece,MEDIAN,Median,2018,2018,PC,Percentage,0,Units,45.5
GRC,Greece,MEDIAN,Median,2019,2019,PC,Percentage,0,Units,49.7
GRC,Greece,MEDIAN,Median,2020,2020,PC,Percentage,0,Units,50.5
GRC,Greece,MEDIAN,Median,2021,2021,PC,Percentage,0,Units,49.8
HUN,Hungary,MEDIAN,Median,2000,2000,PC,Percentage,0,Units,36.4
HUN,Hungary,MEDIAN,Median,2001,2001,PC,Percentage,0,Units,50
HUN,Hungary,MEDIAN,Median,2002,2002,PC,Percentage,0,Units,56.9
HUN,Hungary,MEDIAN,Median,2003,2003,PC,Percentage,0,Units,46.7
HUN,Hungary,MEDIAN,Median,2004,2004,PC,Percentage,0,Units,47.2
HUN,Hungary,MEDIAN,Median,2005,2005,PC,Percentage,0,Units,46.3
HUN,Hungary,MEDIAN,Median,2006,2006,PC,Percentage,0,Units,47.6
HUN,Hungary,MEDIAN,Median,2007,2007,PC,Percentage,0,Units,46.7
HUN,Hungary,MEDIAN,Median,2008,2008,PC,Percentage,0,Units,46
HUN,Hungary,MEDIAN,Median,2009,2009,PC,Percentage,0,Units,46.6
HUN,Hungary,MEDIAN,Median,2010,2010,PC,Percentage,0,Units,47.4
HUN,Hungary,MEDIAN,Median,2011,2011,PC,Percentage,0,Units,49.4
HUN,Hungary,MEDIAN,Median,2012,2012,PC,Percentage,0,Units,53.8
HUN,Hungary,MEDIAN,Median,2013,2013,PC,Percentage,0,Units,53.8
HUN,Hungary,MEDIAN,Median,2014,2014,PC,Percentage,0,Units,53.5
HUN,Hungary,MEDIAN,Median,2015,2015,PC,Percentage,0,Units,52.5
HUN,Hungary,MEDIAN,Median,2016,2016,PC,Percentage,0,Units,51.1
HUN,Hungary,MEDIAN,Median,2017,2017,PC,Percentage,0,Units,52
HUN,Hungary,MEDIAN,Median,2018,2018,PC,Percentage,0,Units,50.5
HUN,Hungary,MEDIAN,Median,2019,2019,PC,Percentage,0,Units,49.3
HUN,Hungary,MEDIAN,Median,2020,2020,PC,Percentage,0,Units,48.3
HUN,Hungary,MEDIAN,Median,2021,2021,PC,Percentage,0,Units,45.2
IRL,Ireland,MEDIAN,Median,2000,2000,PC,Percentage,0,Units,48
IRL,Ireland,MEDIAN,Median,2001,2001,PC,Percentage,0,Units,37.1
IRL,Ireland,MEDIAN,Median,2002,2002,PC,Percentage,0,Units,36.4
IRL,Ireland,MEDIAN,Median,2003,2003,PC,Percentage,0,Units,36.4
IRL,Ireland,MEDIAN,Median,2004,2004,PC,Percentage,0,Units,37.4
IRL,Ireland,MEDIAN,Median,2005,2005,PC,Percentage,0,Units,38.4
IRL,Ireland,MEDIAN,Median,2006,2006,PC,Percentage,0,Units,42.1
IRL,Ireland,MEDIAN,Median,2007,2007,PC,Percentage,0,Units,42.7
IRL,Ireland,MEDIAN,Median,2008,2008,PC,Percentage,0,Units,42.1
IRL,Ireland,MEDIAN,Median,2009,2009,PC,Percentage,0,Units,37.6
IRL,Ireland,MEDIAN,Median,2010,2010,PC,Percentage,0,Units,45.3
IRL,Ireland,MEDIAN,Median,2011,2011,PC,Percentage,0,Units,44.4
IRL,Ireland,MEDIAN,Median,2012,2012,PC,Percentage,0,Units,45.3
IRL,Ireland,MEDIAN,Median,2013,2013,PC,Percentage,0,Units,44.6
IRL,Ireland,MEDIAN,Median,2014,2014,PC,Percentage,0,Units,40.4
IRL,Ireland,MEDIAN,Median,2015,2015,PC,Percentage,0,Units,39.2
IRL,Ireland,MEDIAN,Median,2016,2016,PC,Percentage,0,Units,42.3
IRL,Ireland,MEDIAN,Median,2017,2017,PC,Percentage,0,Units,42.1
IRL,Ireland,MEDIAN,Median,2018,2018,PC,Percentage,0,Units,49.6
IRL,Ireland,MEDIAN,Median,2019,2019,PC,Percentage,0,Units,48.8
IRL,Ireland,MEDIAN,Median,2020,2020,PC,Percentage,0,Units,47.8
IRL,Ireland,MEDIAN,Median,2021,2021,PC,Percentage,0,Units,46.1
JPN,Japan,MEDIAN,Median,2000,2000,PC,Percentage,0,Units,32.2
JPN,Japan,MEDIAN,Median,2001,2001,PC,Percentage,0,Units,32.1
JPN,Japan,MEDIAN,Median,2002,2002,PC,Percentage,0,Units,32.5
JPN,Japan,MEDIAN,Median,2003,2003,PC,Percentage,0,Units,33
JPN,Japan,MEDIAN,Median,2004,2004,PC,Percentage,0,Units,33.5
JPN,Japan,MEDIAN,Median,2005,2005,PC,Percentage,0,Units,33.4
JPN,Japan,MEDIAN,Median,2006,2006,PC,Percentage,0,Units,33.8
JPN,Japan,MEDIAN,Median,2007,2007,PC,Percentage,0,Units,34
JPN,Japan,MEDIAN,Median,2008,2008,PC,Percentage,0,Units,34.6
JPN,Japan,MEDIAN,Median,2009,2009,PC,Percentage,0,Units,36.1
JPN,Japan,MEDIAN,Median,2010,2010,PC,Percentage,0,Units,37.3
JPN,Japan,MEDIAN,Median,2011,2011,PC,Percentage,0,Units,38.1
JPN,Japan,MEDIAN,Median,2012,2012,PC,Percentage,0,Units,38.3
JPN,Japan,MEDIAN,Median,2013,2013,PC,Percentage,0,Units,39
JPN,Japan,MEDIAN,Median,2014,2014,PC,Percentage,0,Units,39.2
JPN,Japan,MEDIAN,Median,2015,2015,PC,Percentage,0,Units,39.6
JPN,Japan,MEDIAN,Median,2016,2016,PC,Percentage,0,Units,40.3
JPN,Japan,MEDIAN,Median,2017,2017,PC,Percentage,0,Units,41.5
JPN,Japan,MEDIAN,Median,2018,2018,PC,Percentage,0,Units,42.6
JPN,Japan,MEDIAN,Median,2019,2019,PC,Percentage,0,Units,43.6
JPN,Japan,MEDIAN,Median,2020,2020,PC,Percentage,0,Units,45.1
JPN,Japan,MEDIAN,Median,2021,2021,PC,Percentage,0,Units,44.9
KOR,Korea,MEDIAN,Median,2000,2000,PC,Percentage,0,Units,28.7
KOR,Korea,MEDIAN,Median,2001,2001,PC,Percentage,0,Units,31.8
KOR,Korea,MEDIAN,Median,2002,2002,PC,Percentage,0,Units,33.4
KOR,Korea,MEDIAN,Median,2003,2003,PC,Percentage,0,Units,33.9
KOR,Korea,MEDIAN,Median,2004,2004,PC,Percentage,0,Units,35.3
KOR,Korea,MEDIAN,Median,2005,2005,PC,Percentage,0,Units,37.2
KOR,Korea,MEDIAN,Median,2006,2006,PC,Percentage,0,Units,38.9
KOR,Korea,MEDIAN,Median,2007,2007,PC,Percentage,0,Units,42.8
KOR,Korea,MEDIAN,Median,2008,2008,PC,Percentage,0,Units,43.6
KOR,Korea,MEDIAN,Median,2009,2009,PC,Percentage,0,Units,45.2
KOR,Korea,MEDIAN,Median,2010,2010,PC,Percentage,0,Units,45
KOR,Korea,MEDIAN,Median,2011,2011,PC,Percentage,0,Units,45.4
KOR,Korea,MEDIAN,Median,2012,2012,PC,Percentage,0,Units,42.9
KOR,Korea,MEDIAN,Median,2013,2013,PC,Percentage,0,Units,44.2
KOR,Korea,MEDIAN,Median,2014,2014,PC,Percentage,0,Units,45.8
KOR,Korea,MEDIAN,Median,2015,2015,PC,Percentage,0,Units,48.5
KOR,Korea,MEDIAN,Median,2016,2016,PC,Percentage,0,Units,50.4
KOR,Korea,MEDIAN,Median,2017,2017,PC,Percentage,0,Units,52.8
KOR,Korea,MEDIAN,Median,2018,2018,PC,Percentage,0,Units,58.5
KOR,Korea,MEDIAN,Median,2019,2019,PC,Percentage,0,Units,62.6
KOR,Korea,MEDIAN,Median,2020,2020,PC,Percentage,0,Units,62.4
KOR,Korea,MEDIAN,Median,2021,2021,PC,Percentage,0,Units,61.3
LUX,Luxembourg,MEDIAN,Median,2000,2000,PC,Percentage,0,Units,52
LUX,Luxembourg,MEDIAN,Median,2001,2001,PC,Percentage,0,Units,53.2
LUX,Luxembourg,MEDIAN,Median,2002,2002,PC,Percentage,0,Units,52.2
LUX,Luxembourg,MEDIAN,Median,2003,2003,PC,Percentage,0,Units,53.2
LUX,Luxembourg,MEDIAN,Median,2004,2004,PC,Percentage,0,Units,52.3
LUX,Luxembourg,MEDIAN,Median,2005,2005,PC,Percentage,0,Units,52.7
LUX,Luxembourg,MEDIAN,Median,2006,2006,PC,Percentage,0,Units,53.8
LUX,Luxembourg,MEDIAN,Median,2007,2007,PC,Percentage,0,Units,54.1
LUX,Luxembourg,MEDIAN,Median,2008,2008,PC,Percentage,0,Units,53.3
LUX,Luxembourg,MEDIAN,Median,2009,2009,PC,Percentage,0,Units,54.2
LUX,Luxembourg,MEDIAN,Median,2010,2010,PC,Percentage,0,Units,55.4
LUX,Luxembourg,MEDIAN,Median,2011,2011,PC,Percentage,0,Units,55.8
LUX,Luxembourg,MEDIAN,Median,2012,2012,PC,Percentage,0,Units,55.5
LUX,Luxembourg,MEDIAN,Median,2013,2013,PC,Percentage,0,Units,54.8
LUX,Luxembourg,MEDIAN,Median,2014,2014,PC,Percentage,0,Units,54.9
LUX,Luxembourg,MEDIAN,Median,2015,2015,PC,Percentage,0,Units,54.4
LUX,Luxembourg,MEDIAN,Median,2016,2016,PC,Percentage,0,Units,54
LUX,Luxembourg,MEDIAN,Median,2017,2017,PC,Percentage,0,Units,54.4
LUX,Luxembourg,MEDIAN,Median,2018,2018,PC,Percentage,0,Units,54.7
LUX,Luxembourg,MEDIAN,Median,2019,2019,PC,Percentage,0,Units,55.4
LUX,Luxembourg,MEDIAN,Median,2020,2020,PC,Percentage,0,Units,53.8
LUX,Luxembourg,MEDIAN,Median,2021,2021,PC,Percentage,0,Units,54.8
MEX,Mexico,MEDIAN,Median,2005,2005,PC,Percentage,0,Units,38.1
MEX,Mexico,MEDIAN,Median,2006,2006,PC,Percentage,0,Units,37.6
MEX,Mexico,MEDIAN,Median,2007,2007,PC,Percentage,0,Units,36.6
MEX,Mexico,MEDIAN,Median,2008,2008,PC,Percentage,0,Units,36.1
MEX,Mexico,MEDIAN,Median,2009,2009,PC,Percentage,0,Units,36.7
MEX,Mexico,MEDIAN,Median,2010,2010,PC,Percentage,0,Units,34.8
MEX,Mexico,MEDIAN,Median,2011,2011,PC,Percentage,0,Units,36.2
MEX,Mexico,MEDIAN,Median,2012,2012,PC,Percentage,0,Units,36.3
MEX,Mexico,MEDIAN,Median,2013,2013,PC,Percentage,0,Units,36.8
MEX,Mexico,MEDIAN,Median,2014,2014,PC,Percentage,0,Units,37.4
MEX,Mexico,MEDIAN,Median,2015,2015,PC,Percentage,0,Units,38.6
MEX,Mexico,MEDIAN,Median,2016,2016,PC,Percentage,0,Units,38.4
MEX,Mexico,MEDIAN,Median,2017,2017,PC,Percentage,0,Units,40
MEX,Mexico,MEDIAN,Median,2018,2018,PC,Percentage,0,Units,42.2
MEX,Mexico,MEDIAN,Median,2019,2019,PC,Percentage,0,Units,45.9
MEX,Mexico,MEDIAN,Median,2020,2020,PC,Percentage,0,Units,51.3
MEX,Mexico,MEDIAN,Median,2021,2021,PC,Percentage,0,Units,56.6
NLD,Netherlands,MEDIAN,Median,2000,2000,PC,Percentage,0,Units,52.8
NLD,Netherlands,MEDIAN,Median,2001,2001,PC,Percentage,0,Units,53.4
NLD,Netherlands,MEDIAN,Median,2002,2002,PC,Percentage,0,Units,47.6
NLD,Netherlands,MEDIAN,Median,2003,2003,PC,Percentage,0,Units,47.5
NLD,Netherlands,MEDIAN,Median,2004,2004,PC,Percentage,0,Units,46.7
NLD,Netherlands,MEDIAN,Median,2005,2005,PC,Percentage,0,Units,45.8
NLD,Netherlands,MEDIAN,Median,2006,2006,PC,Percentage,0,Units,49.2
NLD,Netherlands,MEDIAN,Median,2007,2007,PC,Percentage,0,Units,48.7
NLD,Netherlands,MEDIAN,Median,2008,2008,PC,Percentage,0,Units,48.7
NLD,Netherlands,MEDIAN,Median,2009,2009,PC,Percentage,0,Units,49
NLD,Netherlands,MEDIAN,Median,2010,2010,PC,Percentage,0,Units,47.3
NLD,Netherlands,MEDIAN,Median,2011,2011,PC,Percentage,0,Units,46.9
NLD,Netherlands,MEDIAN,Median,2012,2012,PC,Percentage,0,Units,46.9
NLD,Netherlands,MEDIAN,Median,2013,2013,PC,Percentage,0,Units,46.6
NLD,Netherlands,MEDIAN,Median,2014,2014,PC,Percentage,0,Units,46.8
NLD,Netherlands,MEDIAN,Median,2015,2015,PC,Percentage,0,Units,46.6
NLD,Netherlands,MEDIAN,Median,2016,2016,PC,Percentage,0,Units,46.9
NLD,Netherlands,MEDIAN,Median,2017,2017,PC,Percentage,0,Units,47.3
NLD,Netherlands,MEDIAN,Median,2018,2018,PC,Percentage,0,Units,47.1
NLD,Netherlands,MEDIAN,Median,2019,2019,PC,Percentage,0,Units,47.1
NLD,Netherlands,MEDIAN,Median,2020,2020,PC,Percentage,0,Units,46.6
NLD,Netherlands,MEDIAN,Median,2021,2021,PC,Percentage,0,Units,46.3
NZL,New Zealand,MEDIAN,Median,2000,2000,PC,Percentage,0,Units,50.3
NZL,New Zealand,MEDIAN,Median,2001,2001,PC,Percentage,0,Units,51.1
NZL,New Zealand,MEDIAN,Median,2002,2002,PC,Percentage,0,Units,51.5
NZL,New Zealand,MEDIAN,Median,2003,2003,PC,Percentage,0,Units,53
NZL,New Zealand,MEDIAN,Median,2004,2004,PC,Percentage,0,Units,53.2
NZL,New Zealand,MEDIAN,Median,2005,2005,PC,Percentage,0,Units,54.4
NZL,New Zealand,MEDIAN,Median,2006,2006,PC,Percentage,0,Units,56
NZL,New Zealand,MEDIAN,Median,2007,2007,PC,Percentage,0,Units,57.3
NZL,New Zealand,MEDIAN,Median,2008,2008,PC,Percentage,0,Units,59
NZL,New Zealand,MEDIAN,Median,2009,2009,PC,Percentage,0,Units,59
NZL,New Zealand,MEDIAN,Median,2010,2010,PC,Percentage,0,Units,58.8
NZL,New Zealand,MEDIAN,Median,2011,2011,PC,Percentage,0,Units,58.8
NZL,New Zealand,MEDIAN,Median,2012,2012,PC,Percentage,0,Units,59.4
NZL,New Zealand,MEDIAN,Median,2013,2013,PC,Percentage,0,Units,59.1
NZL,New Zealand,MEDIAN,Median,2014,2014,PC,Percentage,0,Units,59.8
NZL,New Zealand,MEDIAN,Median,2015,2015,PC,Percentage,0,Units,60
NZL,New Zealand,MEDIAN,Median,2016,2016,PC,Percentage,0,Units,60.5
NZL,New Zealand,MEDIAN,Median,2017,2017,PC,Percentage,0,Units,60.3
NZL,New Zealand,MEDIAN,Median,2018,2018,PC,Percentage,0,Units,61.3
NZL,New Zealand,MEDIAN,Median,2019,2019,PC,Percentage,0,Units,64.4
NZL,New Zealand,MEDIAN,Median,2020,2020,PC,Percentage,0,Units,64.6
NZL,New Zealand,MEDIAN,Median,2021,2021,PC,Percentage,0,Units,67.6
POL,Poland,MEDIAN,Median,2000,2000,PC,Percentage,0,Units,39.6
POL,Poland,MEDIAN,Median,2001,2001,PC,Percentage,0,Units,41.6
POL,Poland,MEDIAN,Median,2002,2002,PC,Percentage,0,Units,41.7
POL,Poland,MEDIAN,Median,2003,2003,PC,Percentage,0,Units,43.1
POL,Poland,MEDIAN,Median,2004,2004,PC,Percentage,0,Units,43.1
POL,Poland,MEDIAN,Median,2005,2005,PC,Percentage,0,Units,42.1
POL,Poland,MEDIAN,Median,2006,2006,PC,Percentage,0,Units,42.1
POL,Poland,MEDIAN,Median,2007,2007,PC,Percentage,0,Units,39.6
POL,Poland,MEDIAN,Median,2008,2008,PC,Percentage,0,Units,42.6
POL,Poland,MEDIAN,Median,2009,2009,PC,Percentage,0,Units,45.8
POL,Poland,MEDIAN,Median,2010,2010,PC,Percentage,0,Units,45.3
POL,Poland,MEDIAN,Median,2011,2011,PC,Percentage,0,Units,45.2
POL,Poland,MEDIAN,Median,2012,2012,PC,Percentage,0,Units,48.1
POL,Poland,MEDIAN,Median,2013,2013,PC,Percentage,0,Units,49.5
POL,Poland,MEDIAN,Median,2014,2014,PC,Percentage,0,Units,51
POL,Poland,MEDIAN,Median,2015,2015,PC,Percentage,0,Units,51.2
POL,Poland,MEDIAN,Median,2016,2016,PC,Percentage,0,Units,52.6
POL,Poland,MEDIAN,Median,2017,2017,PC,Percentage,0,Units,53.9
POL,Poland,MEDIAN,Median,2018,2018,PC,Percentage,0,Units,51.2
POL,Poland,MEDIAN,Median,2019,2019,PC,Percentage,0,Units,51.2
POL,Poland,MEDIAN,Median,2020,2020,PC,Percentage,0,Units,55.5
POL,Poland,MEDIAN,Median,2021,2021,PC,Percentage,0,Units,55
PRT,Portugal,MEDIAN,Median,2000,2000,PC,Percentage,0,Units,49.1
PRT,Portugal,MEDIAN,Median,2001,2001,PC,Percentage,0,Units,48.7
PRT,Portugal,MEDIAN,Median,2002,2002,PC,Percentage,0,Units,50.6
PRT,Portugal,MEDIAN,Median,2003,2003,PC,Percentage,0,Units,50.1
PRT,Portugal,MEDIAN,Median,2004,2004,PC,Percentage,0,Units,50.3
PRT,Portugal,MEDIAN,Median,2005,2005,PC,Percentage,0,Units,49.9
PRT,Portugal,MEDIAN,Median,2006,2006,PC,Percentage,0,Units,47.4
PRT,Portugal,MEDIAN,Median,2007,2007,PC,Percentage,0,Units,47.6
PRT,Portugal,MEDIAN,Median,2008,2008,PC,Percentage,0,Units,48.6
PRT,Portugal,MEDIAN,Median,2009,2009,PC,Percentage,0,Units,49.8
PRT,Portugal,MEDIAN,Median,2010,2010,PC,Percentage,0,Units,52.7
PRT,Portugal,MEDIAN,Median,2011,2011,PC,Percentage,0,Units,52.7
PRT,Portugal,MEDIAN,Median,2012,2012,PC,Percentage,0,Units,52.1
PRT,Portugal,MEDIAN,Median,2013,2013,PC,Percentage,0,Units,52.2
PRT,Portugal,MEDIAN,Median,2014,2014,PC,Percentage,0,Units,54.8
PRT,Portugal,MEDIAN,Median,2015,2015,PC,Percentage,0,Units,56.3
PRT,Portugal,MEDIAN,Median,2016,2016,PC,Percentage,0,Units,58.5
PRT,Portugal,MEDIAN,Median,2017,2017,PC,Percentage,0,Units,60.1
PRT,Portugal,MEDIAN,Median,2018,2018,PC,Percentage,0,Units,63.2
PRT,Portugal,MEDIAN,Median,2019,2019,PC,Percentage,0,Units,63.2
PRT,Portugal,MEDIAN,Median,2020,2020,PC,Percentage,0,Units,65.6
PRT,Portugal,MEDIAN,Median,2021,2021,PC,Percentage,0,Units,66.2
SVK,Slovak Republic,MEDIAN,Median,2000,2000,PC,Percentage,0,Units,42
SVK,Slovak Republic,MEDIAN,Median,2001,2001,PC,Percentage,0,Units,43.2
SVK,Slovak Republic,MEDIAN,Median,2002,2002,PC,Percentage,0,Units,41.7
SVK,Slovak Republic,MEDIAN,Median,2003,2003,PC,Percentage,0,Units,44.7
SVK,Slovak Republic,MEDIAN,Median,2004,2004,PC,Percentage,0,Units,44.1
SVK,Slovak Republic,MEDIAN,Median,2005,2005,PC,Percentage,0,Units,43.2
SVK,Slovak Republic,MEDIAN,Median,2006,2006,PC,Percentage,0,Units,44.5
SVK,Slovak Republic,MEDIAN,Median,2007,2007,PC,Percentage,0,Units,44.3
SVK,Slovak Republic,MEDIAN,Median,2008,2008,PC,Percentage,0,Units,42.8
SVK,Slovak Republic,MEDIAN,Median,2009,2009,PC,Percentage,0,Units,45.3
SVK,Slovak Republic,MEDIAN,Median,2010,2010,PC,Percentage,0,Units,45.6
SVK,Slovak Republic,MEDIAN,Median,2011,2011,PC,Percentage,0,Units,45.6
SVK,Slovak Republic,MEDIAN,Median,2012,2012,PC,Percentage,0,Units,45.1
SVK,Slovak Republic,MEDIAN,Median,2013,2013,PC,Percentage,0,Units,45.5
SVK,Slovak Republic,MEDIAN,Median,2014,2014,PC,Percentage,0,Units,45.1
SVK,Slovak Republic,MEDIAN,Median,2015,2015,PC,Percentage,0,Units,47.3
SVK,Slovak Republic,MEDIAN,Median,2016,2016,PC,Percentage,0,Units,47.7
SVK,Slovak Republic,MEDIAN,Median,2017,2017,PC,Percentage,0,Units,47.9
SVK,Slovak Republic,MEDIAN,Median,2018,2018,PC,Percentage,0,Units,49.2
SVK,Slovak Republic,MEDIAN,Median,2019,2019,PC,Percentage,0,Units,49.3
SVK,Slovak Republic,MEDIAN,Median,2020,2020,PC,Percentage,0,Units,51.7
SVK,Slovak Republic,MEDIAN,Median,2021,2021,PC,Percentage,0,Units,52.4
ESP,Spain,MEDIAN,Median,2000,2000,PC,Percentage,0,Units,36.4
ESP,Spain,MEDIAN,Median,2001,2001,PC,Percentage,0,Units,36
ESP,Spain,MEDIAN,Median,2002,2002,PC,Percentage,0,Units,35.3
ESP,Spain,MEDIAN,Median,2003,2003,PC,Percentage,0,Units,34.5
ESP,Spain,MEDIAN,Median,2004,2004,PC,Percentage,0,Units,35.3
ESP,Spain,MEDIAN,Median,2005,2005,PC,Percentage,0,Units,36.9
ESP,Spain,MEDIAN,Median,2006,2006,PC,Percentage,0,Units,38.6
ESP,Spain,MEDIAN,Median,2007,2007,PC,Percentage,0,Units,39.2
ESP,Spain,MEDIAN,Median,2008,2008,PC,Percentage,0,Units,39.1
ESP,Spain,MEDIAN,Median,2009,2009,PC,Percentage,0,Units,39.1
ESP,Spain,MEDIAN,Median,2010,2010,PC,Percentage,0,Units,37.7
ESP,Spain,MEDIAN,Median,2011,2011,PC,Percentage,0,Units,38.1
ESP,Spain,MEDIAN,Median,2012,2012,PC,Percentage,0,Units,38
ESP,Spain,MEDIAN,Median,2013,2013,PC,Percentage,0,Units,37.8
ESP,Spain,MEDIAN,Median,2014,2014,PC,Percentage,0,Units,36.9
ESP,Spain,MEDIAN,Median,2015,2015,PC,Percentage,0,Units,37
ESP,Spain,MEDIAN,Median,2016,2016,PC,Percentage,0,Units,37.6
ESP,Spain,MEDIAN,Median,2017,2017,PC,Percentage,0,Units,39.9
ESP,Spain,MEDIAN,Median,2018,2018,PC,Percentage,0,Units,41
ESP,Spain,MEDIAN,Median,2019,2019,PC,Percentage,0,Units,49.5
ESP,Spain,MEDIAN,Median,2020,2020,PC,Percentage,0,Units,51.4
ESP,Spain,MEDIAN,Median,2021,2021,PC,Percentage,0,Units,48.4
TUR,Türkiye,MEDIAN,Median,2000,2000,PC,Percentage,0,Units,45.8
TUR,Türkiye,MEDIAN,Median,2001,2001,PC,Percentage,0,Units,46
TUR,Türkiye,MEDIAN,Median,2002,2002,PC,Percentage,0,Units,53.2
TUR,Türkiye,MEDIAN,Median,2003,2003,PC,Percentage,0,Units,58.5
TUR,Türkiye,MEDIAN,Median,2004,2004,PC,Percentage,0,Units,74
TUR,Türkiye,MEDIAN,Median,2005,2005,PC,Percentage,0,Units,74.4
TUR,Türkiye,MEDIAN,Median,2006,2006,PC,Percentage,0,Units,72.5
TUR,Türkiye,MEDIAN,Median,2007,2007,PC,Percentage,0,Units,71.5
TUR,Türkiye,MEDIAN,Median,2008,2008,PC,Percentage,0,Units,70.9
TUR,Türkiye,MEDIAN,Median,2009,2009,PC,Percentage,0,Units,71.2
TUR,Türkiye,MEDIAN,Median,2010,2010,PC,Percentage,0,Units,69.7
TUR,Türkiye,MEDIAN,Median,2011,2011,PC,Percentage,0,Units,71.3
TUR,Türkiye,MEDIAN,Median,2012,2012,PC,Percentage,0,Units,72.9
TUR,Türkiye,MEDIAN,Median,2013,2013,PC,Percentage,0,Units,72.2
TUR,Türkiye,MEDIAN,Median,2014,2014,PC,Percentage,0,Units,68.9
TUR,Türkiye,MEDIAN,Median,2015,2015,PC,Percentage,0,Units,69.9
TUR,Türkiye,MEDIAN,Median,2016,2016,PC,Percentage,0,Units,74.9
TUR,Türkiye,MEDIAN,Median,2017,2017,PC,Percentage,0,Units,71.3
TUR,Türkiye,MEDIAN,Median,2018,2018,PC,Percentage,0,Units,70.9
TUR,Türkiye,MEDIAN,Median,2019,2019,PC,Percentage,0,Units,70.9
TUR,Türkiye,MEDIAN,Median,2020,2020,PC,Percentage,0,Units,68.9
TUR,Türkiye,MEDIAN,Median,2021,2021,PC,Percentage,0,Units,70.6
GBR,United Kingdom,MEDIAN,Median,2000,2000,PC,Percentage,0,Units,40.8
GBR,United Kingdom,MEDIAN,Median,2001,2001,PC,Percentage,0,Units,40.1
GBR,United Kingdom,MEDIAN,Median,2002,2002,PC,Percentage,0,Units,42.5
GBR,United Kingdom,MEDIAN,Median,2003,2003,PC,Percentage,0,Units,42.1
GBR,United Kingdom,MEDIAN,Median,2004,2004,PC,Percentage,0,Units,43.1
GBR,United Kingdom,MEDIAN,Median,2005,2005,PC,Percentage,0,Units,45
GBR,United Kingdom,MEDIAN,Median,2006,2006,PC,Percentage,0,Units,45.4
GBR,United Kingdom,MEDIAN,Median,2007,2007,PC,Percentage,0,Units,46.6
GBR,United Kingdom,MEDIAN,Median,2008,2008,PC,Percentage,0,Units,46
GBR,United Kingdom,MEDIAN,Median,2009,2009,PC,Percentage,0,Units,46.1
GBR,United Kingdom,MEDIAN,Median,2010,2010,PC,Percentage,0,Units,46.1
GBR,United Kingdom,MEDIAN,Median,2011,2011,PC,Percentage,0,Units,46.9
GBR,United Kingdom,MEDIAN,Median,2012,2012,PC,Percentage,0,Units,47.3
GBR,United Kingdom,MEDIAN,Median,2013,2013,PC,Percentage,0,Units,47.1
GBR,United Kingdom,MEDIAN,Median,2014,2014,PC,Percentage,0,Units,47.9
GBR,United Kingdom,MEDIAN,Median,2015,2015,PC,Percentage,0,Units,48.6
GBR,United Kingdom,MEDIAN,Median,2016,2016,PC,Percentage,0,Units,52.7
GBR,United Kingdom,MEDIAN,Median,2017,2017,PC,Percentage,0,Units,53.5
GBR,United Kingdom,MEDIAN,Median,2018,2018,PC,Percentage,0,Units,54.4
GBR,United Kingdom,MEDIAN,Median,2019,2019,PC,Percentage,0,Units,55.1
GBR,United Kingdom,MEDIAN,Median,2020,2020,PC,Percentage,0,Units,57.5
GBR,United Kingdom,MEDIAN,Median,2021,2021,PC,Percentage,0,Units,56.9
USA,United States,MEDIAN,Median,2000,2000,PC,Percentage,0,Units,35.7
USA,United States,MEDIAN,Median,2001,2001,PC,Percentage,0,Units,34.4
USA,United States,MEDIAN,Median,2002,2002,PC,Percentage,0,Units,33.8
USA,United States,MEDIAN,Median,2003,2003,PC,Percentage,0,Units,33.2
USA,United States,MEDIAN,Median,2004,2004,PC,Percentage,0,Units,32.2
USA,United States,MEDIAN,Median,2005,2005,PC,Percentage,0,Units,31.6
USA,United States,MEDIAN,Median,2006,2006,PC,Percentage,0,Units,30.6
USA,United States,MEDIAN,Median,2007,2007,PC,Percentage,0,Units,31.4
USA,United States,MEDIAN,Median,2008,2008,PC,Percentage,0,Units,34.1
USA,United States,MEDIAN,Median,2009,2009,PC,Percentage,0,Units,37.1
USA,United States,MEDIAN,Median,2010,2010,PC,Percentage,0,Units,38.8
USA,United States,MEDIAN,Median,2011,2011,PC,Percentage,0,Units,38.3
USA,United States,MEDIAN,Median,2012,2012,PC,Percentage,0,Units,37.7
USA,United States,MEDIAN,Median,2013,2013,PC,Percentage,0,Units,37.3
USA,United States,MEDIAN,Median,2014,2014,PC,Percentage,0,Units,36.6
USA,United States,MEDIAN,Median,2015,2015,PC,Percentage,0,Units,35.8
USA,United States,MEDIAN,Median,2016,2016,PC,Percentage,0,Units,34.8
USA,United States,MEDIAN,Median,2017,2017,PC,Percentage,0,Units,33.7
USA,United States,MEDIAN,Median,2018,2018,PC,Percentage,0,Units,32.7
USA,United States,MEDIAN,Median,2019,2019,PC,Percentage,0,Units,31.6
USA,United States,MEDIAN,Median,2020,2020,PC,Percentage,0,Units,29.4
USA,United States,MEDIAN,Median,2021,2021,PC,Percentage,0,Units,29
SVN,Slovenia,MEDIAN,Median,2005,2005,PC,Percentage,0,Units,51.1
SVN,Slovenia,MEDIAN,Median,2006,2006,PC,Percentage,0,Units,51.1
SVN,Slovenia,MEDIAN,Median,2007,2007,PC,Percentage,0,Units,49.5
SVN,Slovenia,MEDIAN,Median,2008,2008,PC,Percentage,0,Units,49.4
SVN,Slovenia,MEDIAN,Median,2009,2009,PC,Percentage,0,Units,49.5
SVN,Slovenia,MEDIAN,Median,2010,2010,PC,Percentage,0,Units,58.9
SVN,Slovenia,MEDIAN,Median,2011,2011,PC,Percentage,0,Units,60.6
SVN,Slovenia,MEDIAN,Median,2012,2012,PC,Percentage,0,Units,62
SVN,Slovenia,MEDIAN,Median,2013,2013,PC,Percentage,0,Units,63.7
SVN,Slovenia,MEDIAN,Median,2014,2014,PC,Percentage,0,Units,60
SVN,Slovenia,MEDIAN,Median,2015,2015,PC,Percentage,0,Units,59.7
SVN,Slovenia,MEDIAN,Median,2016,2016,PC,Percentage,0,Units,58.7
SVN,Slovenia,MEDIAN,Median,2017,2017,PC,Percentage,0,Units,58.2
SVN,Slovenia,MEDIAN,Median,2018,2018,PC,Percentage,0,Units,58.2
SVN,Slovenia,MEDIAN,Median,2019,2019,PC,Percentage,0,Units,58.7
SVN,Slovenia,MEDIAN,Median,2020,2020,PC,Percentage,0,Units,58.8
SVN,Slovenia,MEDIAN,Median,2021,2021,PC,Percentage,0,Units,60.4
EST,Estonia,MEDIAN,Median,2000,2000,PC,Percentage,0,Units,34.1
EST,Estonia,MEDIAN,Median,2001,2001,PC,Percentage,0,Units,34.8
EST,Estonia,MEDIAN,Median,2002,2002,PC,Percentage,0,Units,36.8
EST,Estonia,MEDIAN,Median,2003,2003,PC,Percentage,0,Units,39.3
EST,Estonia,MEDIAN,Median,2004,2004,PC,Percentage,0,Units,41.7
EST,Estonia,MEDIAN,Median,2005,2005,PC,Percentage,0,Units,40.1
EST,Estonia,MEDIAN,Median,2006,2006,PC,Percentage,0,Units,37
EST,Estonia,MEDIAN,Median,2007,2007,PC,Percentage,0,Units,35.7
EST,Estonia,MEDIAN,Median,2008,2008,PC,Percentage,0,Units,37.8
EST,Estonia,MEDIAN,Median,2009,2009,PC,Percentage,0,Units,39.8
EST,Estonia,MEDIAN,Median,2010,2010,PC,Percentage,0,Units,40.4
EST,Estonia,MEDIAN,Median,2011,2011,PC,Percentage,0,Units,38.1
EST,Estonia,MEDIAN,Median,2012,2012,PC,Percentage,0,Units,37.6
EST,Estonia,MEDIAN,Median,2013,2013,PC,Percentage,0,Units,38.8
EST,Estonia,MEDIAN,Median,2014,2014,PC,Percentage,0,Units,39.8
EST,Estonia,MEDIAN,Median,2015,2015,PC,Percentage,0,Units,41.3
EST,Estonia,MEDIAN,Median,2016,2016,PC,Percentage,0,Units,42.3
EST,Estonia,MEDIAN,Median,2017,2017,PC,Percentage,0,Units,43.4
EST,Estonia,MEDIAN,Median,2018,2018,PC,Percentage,0,Units,43
EST,Estonia,MEDIAN,Median,2019,2019,PC,Percentage,0,Units,43.3
EST,Estonia,MEDIAN,Median,2020,2020,PC,Percentage,0,Units,45.5
EST,Estonia,MEDIAN,Median,2021,2021,PC,Percentage,0,Units,42.6
LTU,Lithuania,MEDIAN,Median,2000,2000,PC,Percentage,0,Units,47.2
LTU,Lithuania,MEDIAN,Median,2001,2001,PC,Percentage,0,Units,46.6
LTU,Lithuania,MEDIAN,Median,2002,2002,PC,Percentage,0,Units,45.1
LTU,Lithuania,MEDIAN,Median,2003,2003,PC,Percentage,0,Units,43.4
LTU,Lithuania,MEDIAN,Median,2004,2004,PC,Percentage,0,Units,44.8
LTU,Lithuania,MEDIAN,Median,2005,2005,PC,Percentage,0,Units,43.8
LTU,Lithuania,MEDIAN,Median,2006,2006,PC,Percentage,0,Units,41.9
LTU,Lithuania,MEDIAN,Median,2007,2007,PC,Percentage,0,Units,39.3
LTU,Lithuania,MEDIAN,Median,2008,2008,PC,Percentage,0,Units,40.5
LTU,Lithuania,MEDIAN,Median,2009,2009,PC,Percentage,0,Units,42.4
LTU,Lithuania,MEDIAN,Median,2010,2010,PC,Percentage,0,Units,49.8
LTU,Lithuania,MEDIAN,Median,2011,2011,PC,Percentage,0,Units,48.4
LTU,Lithuania,MEDIAN,Median,2012,2012,PC,Percentage,0,Units,48.2
LTU,Lithuania,MEDIAN,Median,2013,2013,PC,Percentage,0,Units,55.7
LTU,Lithuania,MEDIAN,Median,2014,2014,PC,Percentage,0,Units,51.1
LTU,Lithuania,MEDIAN,Median,2015,2015,PC,Percentage,0,Units,51.8
LTU,Lithuania,MEDIAN,Median,2016,2016,PC,Percentage,0,Units,55.8
LTU,Lithuania,MEDIAN,Median,2017,2017,PC,Percentage,0,Units,53.5
LTU,Lithuania,MEDIAN,Median,2018,2018,PC,Percentage,0,Units,49.6
LTU,Lithuania,MEDIAN,Median,2019,2019,PC,Percentage,0,Units,49.1
LTU,Lithuania,MEDIAN,Median,2020,2020,PC,Percentage,0,Units,48.8
LTU,Lithuania,MEDIAN,Median,2021,2021,PC,Percentage,0,Units,46.7
ROU,Romania,MEDIAN,Median,2000,2000,PC,Percentage,0,Units,25.3
ROU,Romania,MEDIAN,Median,2001,2001,PC,Percentage,0,Units,37.1
ROU,Romania,MEDIAN,Median,2002,2002,PC,Percentage,0,Units,37
ROU,Romania,MEDIAN,Median,2003,2003,PC,Percentage,0,Units,45.7
ROU,Romania,MEDIAN,Median,2004,2004,PC,Percentage,0,Units,43.8
ROU,Romania,MEDIAN,Median,2005,2005,PC,Percentage,0,Units,41.5
ROU,Romania,MEDIAN,Median,2006,2006,PC,Percentage,0,Units,37.1
ROU,Romania,MEDIAN,Median,2007,2007,PC,Percentage,0,Units,38
ROU,Romania,MEDIAN,Median,2008,2008,PC,Percentage,0,Units,40.6
ROU,Romania,MEDIAN,Median,2009,2009,PC,Percentage,0,Units,43.5
ROU,Romania,MEDIAN,Median,2010,2010,PC,Percentage,0,Units,42.6
ROU,Romania,MEDIAN,Median,2011,2011,PC,Percentage,0,Units,45.4
ROU,Romania,MEDIAN,Median,2012,2012,PC,Percentage,0,Units,45.2
ROU,Romania,MEDIAN,Median,2013,2013,PC,Percentage,0,Units,47.7
ROU,Romania,MEDIAN,Median,2014,2014,PC,Percentage,0,Units,51.3
ROU,Romania,MEDIAN,Median,2015,2015,PC,Percentage,0,Units,54.9
ROU,Romania,MEDIAN,Median,2016,2016,PC,Percentage,0,Units,55.7
ROU,Romania,MEDIAN,Median,2017,2017,PC,Percentage,0,Units,59.6
ROU,Romania,MEDIAN,Median,2018,2018,PC,Percentage,0,Units,58.3
ROU,Romania,MEDIAN,Median,2019,2019,PC,Percentage,0,Units,56.5
ROU,Romania,MEDIAN,Median,2020,2020,PC,Percentage,0,Units,57
ROU,Romania,MEDIAN,Median,2021,2021,PC,Percentage,0,Units,54.8
LVA,Latvia,MEDIAN,Median,2000,2000,PC,Percentage,0,Units,35.8
LVA,Latvia,MEDIAN,Median,2001,2001,PC,Percentage,0,Units,36.9
LVA,Latvia,MEDIAN,Median,2002,2002,PC,Percentage,0,Units,37.2
LVA,Latvia,MEDIAN,Median,2003,2003,PC,Percentage,0,Units,43.3
LVA,Latvia,MEDIAN,Median,2004,2004,PC,Percentage,0,Units,45.2
LVA,Latvia,MEDIAN,Median,2005,2005,PC,Percentage,0,Units,39
LVA,Latvia,MEDIAN,Median,2006,2006,PC,Percentage,0,Units,35.5
LVA,Latvia,MEDIAN,Median,2007,2007,PC,Percentage,0,Units,36.6
LVA,Latvia,MEDIAN,Median,2008,2008,PC,Percentage,0,Units,40.4
LVA,Latvia,MEDIAN,Median,2009,2009,PC,Percentage,0,Units,47.3
LVA,Latvia,MEDIAN,Median,2010,2010,PC,Percentage,0,Units,48.9
LVA,Latvia,MEDIAN,Median,2011,2011,PC,Percentage,0,Units,50.6
LVA,Latvia,MEDIAN,Median,2012,2012,PC,Percentage,0,Units,48.8
LVA,Latvia,MEDIAN,Median,2013,2013,PC,Percentage,0,Units,46.6
LVA,Latvia,MEDIAN,Median,2014,2014,PC,Percentage,0,Units,49.2
LVA,Latvia,MEDIAN,Median,2015,2015,PC,Percentage,0,Units,51.8
LVA,Latvia,MEDIAN,Median,2016,2016,PC,Percentage,0,Units,50.7
LVA,Latvia,MEDIAN,Median,2017,2017,PC,Percentage,0,Units,48.3
LVA,Latvia,MEDIAN,Median,2018,2018,PC,Percentage,0,Units,46.7
LVA,Latvia,MEDIAN,Median,2019,2019,PC,Percentage,0,Units,43.4
LVA,Latvia,MEDIAN,Median,2020,2020,PC,Percentage,0,Units,40.5
LVA,Latvia,MEDIAN,Median,2021,2021,PC,Percentage,0,Units,42.3
ISR,Israel,MEAN,Mean,2001,2001,PC,Percentage,0,Units,39.1
ISR,Israel,MEAN,Mean,2002,2002,PC,Percentage,0,Units,39.4
ISR,Israel,MEAN,Mean,2003,2003,PC,Percentage,0,Units,41.2
ISR,Israel,MEAN,Mean,2004,2004,PC,Percentage,0,Units,40.4
ISR,Israel,MEAN,Mean,2005,2005,PC,Percentage,0,Units,39.9
ISR,Israel,MEAN,Mean,2006,2006,PC,Percentage,0,Units,41.1
ISR,Israel,MEAN,Mean,2007,2007,PC,Percentage,0,Units,41.3
ISR,Israel,MEAN,Mean,2008,2008,PC,Percentage,0,Units,40.9
ISR,Israel,MEAN,Mean,2009,2009,PC,Percentage,0,Units,41.2
ISR,Israel,MEAN,Mean,2010,2010,PC,Percentage,0,Units,41
ISR,Israel,MEAN,Mean,2011,2011,PC,Percentage,0,Units,41.5
ISR,Israel,MEAN,Mean,2012,2012,PC,Percentage,0,Units,41.5
ISR,Israel,MEAN,Mean,2013,2013,PC,Percentage,0,Units,42
ISR,Israel,MEAN,Mean,2014,2014,PC,Percentage,0,Units,41
ISR,Israel,MEAN,Mean,2015,2015,PC,Percentage,0,Units,42.3
ISR,Israel,MEAN,Mean,2016,2016,PC,Percentage,0,Units,43
ISR,Israel,MEAN,Mean,2017,2017,PC,Percentage,0,Units,43.7
ISR,Israel,MEAN,Mean,2018,2018,PC,Percentage,0,Units,44.3
ISR,Israel,MEAN,Mean,2019,2019,PC,Percentage,0,Units,43
ISR,Israel,MEAN,Mean,2020,2020,PC,Percentage,0,Units,40.3
ISR,Israel,MEAN,Mean,2021,2021,PC,Percentage,0,Units,39.3
ISR,Israel,MEDIAN,Median,2001,2001,PC,Percentage,0,Units,53.8
ISR,Israel,MEDIAN,Median,2002,2002,PC,Percentage,0,Units,54.2
ISR,Israel,MEDIAN,Median,2003,2003,PC,Percentage,0,Units,55.1
ISR,Israel,MEDIAN,Median,2004,2004,PC,Percentage,0,Units,54
ISR,Israel,MEDIAN,Median,2005,2005,PC,Percentage,0,Units,54.4
ISR,Israel,MEDIAN,Median,2006,2006,PC,Percentage,0,Units,56.6
ISR,Israel,MEDIAN,Median,2007,2007,PC,Percentage,0,Units,57.2
ISR,Israel,MEDIAN,Median,2008,2008,PC,Percentage,0,Units,57
ISR,Israel,MEDIAN,Median,2009,2009,PC,Percentage,0,Units,56.3
ISR,Israel,MEDIAN,Median,2010,2010,PC,Percentage,0,Units,55.7
ISR,Israel,MEDIAN,Median,2011,2011,PC,Percentage,0,Units,56
ISR,Israel,MEDIAN,Median,2012,2012,PC,Percentage,0,Units,56
ISR,Israel,MEDIAN,Median,2013,2013,PC,Percentage,0,Units,57.4
ISR,Israel,MEDIAN,Median,2014,2014,PC,Percentage,0,Units,54.8
ISR,Israel,MEDIAN,Median,2015,2015,PC,Percentage,0,Units,57
ISR,Israel,MEDIAN,Median,2016,2016,PC,Percentage,0,Units,57.6
ISR,Israel,MEDIAN,Median,2017,2017,PC,Percentage,0,Units,58
ISR,Israel,MEDIAN,Median,2018,2018,PC,Percentage,0,Units,58
ISR,Israel,MEDIAN,Median,2019,2019,PC,Percentage,0,Units,56.3
ISR,Israel,MEDIAN,Median,2020,2020,PC,Percentage,0,Units,52.8
ISR,Israel,MEDIAN,Median,2021,2021,PC,Percentage,0,Units,51.5
CHL,Chile,MEAN,Mean,2000,2000,PC,Percentage,0,Units,39.1
CHL,Chile,MEAN,Mean,2003,2003,PC,Percentage,0,Units,43.7
CHL,Chile,MEAN,Mean,2006,2006,PC,Percentage,0,Units,41.3
CHL,Chile,MEAN,Mean,2009,2009,PC,Percentage,0,Units,43.9
CHL,Chile,MEAN,Mean,2010,2010,PC,Percentage,0,Units,44
CHL,Chile,MEAN,Mean,2011,2011,PC,Percentage,0,Units,42.9
CHL,Chile,MEAN,Mean,2012,2012,PC,Percentage,0,Units,42.8
CHL,Chile,MEAN,Mean,2013,2013,PC,Percentage,0,Units,44.6
CHL,Chile,MEAN,Mean,2014,2014,PC,Percentage,0,Units,44.9
CHL,Chile,MEAN,Mean,2015,2015,PC,Percentage,0,Units,46.2
CHL,Chile,MEAN,Mean,2016,2016,PC,Percentage,0,Units,48.1
CHL,Chile,MEAN,Mean,2017,2017,PC,Percentage,0,Units,47.2
CHL,Chile,MEAN,Mean,2018,2018,PC,Percentage,0,Units,47.4
CHL,Chile,MEAN,Mean,2019,2019,PC,Percentage,0,Units,48.3
CHL,Chile,MEAN,Mean,2020,2020,PC,Percentage,0,Units,49.7
CHL,Chile,MEAN,Mean,2021,2021,PC,Percentage,0,Units,49.2
CHL,Chile,MEDIAN,Median,2000,2000,PC,Percentage,0,Units,64
CHL,Chile,MEDIAN,Median,2003,2003,PC,Percentage,0,Units,70.8
CHL,Chile,MEDIAN,Median,2006,2006,PC,Percentage,0,Units,64.9
CHL,Chile,MEDIAN,Median,2009,2009,PC,Percentage,0,Units,70.6
CHL,Chile,MEDIAN,Median,2010,2010,PC,Percentage,0,Units,70.9
CHL,Chile,MEDIAN,Median,2011,2011,PC,Percentage,0,Units,67.4
CHL,Chile,MEDIAN,Median,2012,2012,PC,Percentage,0,Units,67.1
CHL,Chile,MEDIAN,Median,2013,2013,PC,Percentage,0,Units,67.1
CHL,Chile,MEDIAN,Median,2014,2014,PC,Percentage,0,Units,67.6
CHL,Chile,MEDIAN,Median,2015,2015,PC,Percentage,0,Units,66.2
CHL,Chile,MEDIAN,Median,2016,2016,PC,Percentage,0,Units,68.8
CHL,Chile,MEDIAN,Median,2017,2017,PC,Percentage,0,Units,70.2
CHL,Chile,MEDIAN,Median,2018,2018,PC,Percentage,0,Units,70.5
CHL,Chile,MEDIAN,Median,2019,2019,PC,Percentage,0,Units,71.9
CHL,Chile,MEDIAN,Median,2020,2020,PC,Percentage,0,Units,72.7
CHL,Chile,MEDIAN,Median,2021,2021,PC,Percentage,0,Units,71.9
DEU,Germany,MEAN,Mean,2015,2015,PC,Percentage,0,Units,42.5
DEU,Germany,MEAN,Mean,2016,2016,PC,Percentage,0,Units,41.8
DEU,Germany,MEAN,Mean,2017,2017,PC,Percentage,0,Units,42.8
DEU,Germany,MEAN,Mean,2018,2018,PC,Percentage,0,Units,42.1
DEU,Germany,MEAN,Mean,2019,2019,PC,Percentage,0,Units,44.1
DEU,Germany,MEAN,Mean,2020,2020,PC,Percentage,0,Units,44.3
DEU,Germany,MEAN,Mean,2021,2021,PC,Percentage,0,Units,45.1
DEU,Germany,MEDIAN,Median,2015,2015,PC,Percentage,0,Units,48.1
DEU,Germany,MEDIAN,Median,2016,2016,PC,Percentage,0,Units,47.1
DEU,Germany,MEDIAN,Median,2017,2017,PC,Percentage,0,Units,48.5
DEU,Germany,MEDIAN,Median,2018,2018,PC,Percentage,0,Units,47.6
DEU,Germany,MEDIAN,Median,2019,2019,PC,Percentage,0,Units,49.7
DEU,Germany,MEDIAN,Median,2020,2020,PC,Percentage,0,Units,50.2
DEU,Germany,MEDIAN,Median,2021,2021,PC,Percentage,0,Units,51.1
COL,Colombia,MEAN,Mean,2007,2007,PC,Percentage,0,Units,56.1
COL,Colombia,MEAN,Mean,2008,2008,PC,Percentage,0,Units,56.3
COL,Colombia,MEAN,Mean,2009,2009,PC,Percentage,0,Units,58.5
COL,Colombia,MEAN,Mean,2010,2010,PC,Percentage,0,Units,55.5
COL,Colombia,MEAN,Mean,2011,2011,PC,Percentage,0,Units,56.1
COL,Colombia,MEAN,Mean,2012,2012,PC,Percentage,0,Units,57.3
COL,Colombia,MEAN,Mean,2013,2013,PC,Percentage,0,Units,56
COL,Colombia,MEAN,Mean,2014,2014,PC,Percentage,0,Units,54.4
COL,Colombia,MEAN,Mean,2015,2015,PC,Percentage,0,Units,56.7
COL,Colombia,MEAN,Mean,2016,2016,PC,Percentage,0,Units,57.3
COL,Colombia,MEAN,Mean,2017,2017,PC,Percentage,0,Units,58
COL,Colombia,MEAN,Mean,2018,2018,PC,Percentage,0,Units,58.3
COL,Colombia,MEAN,Mean,2019,2019,PC,Percentage,0,Units,58.9
COL,Colombia,MEAN,Mean,2020,2020,PC,Percentage,0,Units,61.3
COL,Colombia,MEAN,Mean,2021,2021,PC,Percentage,0,Units,62
COL,Colombia,MEDIAN,Median,2007,2007,PC,Percentage,0,Units,92.1
COL,Colombia,MEDIAN,Median,2008,2008,PC,Percentage,0,Units,89.5
COL,Colombia,MEDIAN,Median,2009,2009,PC,Percentage,0,Units,90.3
COL,Colombia,MEDIAN,Median,2010,2010,PC,Percentage,0,Units,87.7
COL,Colombia,MEDIAN,Median,2011,2011,PC,Percentage,0,Units,89.2
COL,Colombia,MEDIAN,Median,2012,2012,PC,Percentage,0,Units,87.8
COL,Colombia,MEDIAN,Median,2013,2013,PC,Percentage,0,Units,86.7
COL,Colombia,MEDIAN,Median,2014,2014,PC,Percentage,0,Units,85.7
COL,Colombia,MEDIAN,Median,2015,2015,PC,Percentage,0,Units,85.9
COL,Colombia,MEDIAN,Median,2016,2016,PC,Percentage,0,Units,86.1
COL,Colombia,MEDIAN,Median,2017,2017,PC,Percentage,0,Units,88.5
COL,Colombia,MEDIAN,Median,2018,2018,PC,Percentage,0,Units,89.4
COL,Colombia,MEDIAN,Median,2019,2019,PC,Percentage,0,Units,90
COL,Colombia,MEDIAN,Median,2020,2020,PC,Percentage,0,Units,92.3
COL,Colombia,MEDIAN,Median,2021,2021,PC,Percentage,0,Units,92.3
CRI,Costa Rica,MEAN,Mean,2010,2010,PC,Percentage,0,Units,49
CRI,Costa Rica,MEAN,Mean,2011,2011,PC,Percentage,0,Units,47.6
CRI,Costa Rica,MEAN,Mean,2012,2012,PC,Percentage,0,Units,50
CRI,Costa Rica,MEAN,Mean,2013,2013,PC,Percentage,0,Units,48.7
CRI,Costa Rica,MEAN,Mean,2014,2014,PC,Percentage,0,Units,47.4
CRI,Costa Rica,MEAN,Mean,2015,2015,PC,Percentage,0,Units,48.6
CRI,Costa Rica,MEAN,Mean,2016,2016,PC,Percentage,0,Units,48.4
CRI,Costa Rica,MEAN,Mean,2017,2017,PC,Percentage,0,Units,49
CRI,Costa Rica,MEAN,Mean,2018,2018,PC,Percentage,0,Units,49.6
CRI,Costa Rica,MEAN,Mean,2019,2019,PC,Percentage,0,Units,47.4
CRI,Costa Rica,MEAN,Mean,2020,2020,PC,Percentage,0,Units,48.8
CRI,Costa Rica,MEAN,Mean,2021,2021,PC,Percentage,0,Units,55.2
CRI,Costa Rica,MEDIAN,Median,2010,2010,PC,Percentage,0,Units,69.2
CRI,Costa Rica,MEDIAN,Median,2011,2011,PC,Percentage,0,Units,69.3
CRI,Costa Rica,MEDIAN,Median,2012,2012,PC,Percentage,0,Units,70.5
CRI,Costa Rica,MEDIAN,Median,2013,2013,PC,Percentage,0,Units,69.1
CRI,Costa Rica,MEDIAN,Median,2014,2014,PC,Percentage,0,Units,67.2
CRI,Costa Rica,MEDIAN,Median,2015,2015,PC,Percentage,0,Units,70.1
CRI,Costa Rica,MEDIAN,Median,2016,2016,PC,Percentage,0,Units,69.2
CRI,Costa Rica,MEDIAN,Median,2017,2017,PC,Percentage,0,Units,67.5
CRI,Costa Rica,MEDIAN,Median,2018,2018,PC,Percentage,0,Units,69.4
CRI,Costa Rica,MEDIAN,Median,2019,2019,PC,Percentage,0,Units,69
CRI,Costa Rica,MEDIAN,Median,2020,2020,PC,Percentage,0,Units,71.1
CRI,Costa Rica,MEDIAN,Median,2021,2021,PC,Percentage,0,Units,81.5
